player,team,GP,Goals,Assists,Points,+/-,PIM,GWG,OTG,PPGoals,PPAssists,ShGoals,ShAssists,S,S%,P/G
"Kucherov,Nikita",TB,82,41,87,128,24,62,8,0,0,33,0,0,246,16.7%,1.6
"McDavid,Connor",EDM,78,41,75,116,3,20,9,3,0,24,1,1,240,17.1%,1.5
"Kane,Patrick",CHI,81,44,66,110,2,22,7,3,0,21,0,0,341,12.9%,1.4
"Draisaitl,Leon",EDM,82,50,55,105,2,52,5,3,0,13,3,0,231,21.6%,1.3
"Crosby,Sidney",PIT,79,35,65,100,18,36,3,1,0,17,0,2,220,15.9%,1.3
"Marchand,Brad",BOS,79,36,64,100,15,96,9,3,0,24,3,4,231,15.6%,1.3
"MacKinnon,Nathan",COL,82,41,58,99,20,34,6,1,0,25,0,0,365,11.2%,1.2
"Gaudreau,Johnny",CGY,82,36,63,99,18,24,8,3,0,21,0,0,245,14.7%,1.2
"Stamkos,Steven",TB,82,45,53,98,4,37,6,0,0,21,2,0,234,19.2%,1.2
"Barkov,Aleksander",FLA,82,35,61,96,-3,8,5,2,0,18,0,1,206,17.0%,1.2
"Marner,Mitchell",TOR,82,26,68,94,22,22,5,0,0,18,1,2,233,11.2%,1.2
"Huberdeau,Jonathan",FLA,82,30,62,92,-14,40,5,0,0,23,0,0,226,13.3%,1.1
"Point,Brayden",TB,79,41,51,92,27,28,7,2,0,15,0,0,191,21.5%,1.2
"Wheeler,Blake",WPG,82,20,71,91,0,60,3,0,0,31,2,1,231,8.7%,1.1
"Ovechkin,Alex",WSH,81,51,38,89,7,40,5,0,0,10,0,0,338,15.1%,1.1
"Tavares,John",TOR,82,47,41,88,19,34,8,1,0,9,0,0,286,16.4%,1.1
"Panarin,Artemi",CBJ,79,28,59,87,14,23,8,4,0,12,0,0,191,14.7%,1.1
"Rantanen,Mikko",COL,74,31,56,87,13,54,4,1,0,17,0,0,193,16.1%,1.2
"Giroux,Claude",PHI,82,22,63,85,9,24,4,1,0,21,1,0,229,9.6%,1.0
"Scheifele,Mark",WPG,82,38,46,84,8,38,6,3,0,11,0,3,199,19.1%,1.0
"Burns,Brent",SJ,82,16,67,83,13,34,6,2,0,21,1,4,300,5.3%,1.0
"Aho,Sebastian",CAR,82,30,53,83,25,26,7,3,0,21,4,1,243,12.3%,1.0
"Kessel,Phil",PIT,82,27,55,82,-19,28,10,2,0,24,0,0,215,12.6%,1.0
"Monahan,Sean",CGY,78,34,48,82,7,12,5,0,0,11,0,0,211,16.1%,1.1
"Eichel,Jack",BUF,77,28,54,82,-11,26,2,2,0,18,0,0,303,9.2%,1.1
"Toews,Jonathan",CHI,82,35,46,81,2,40,5,2,0,14,1,0,235,14.9%,1.0
"Pastrnak,David",BOS,66,38,43,81,6,32,4,0,0,16,0,0,235,16.2%,1.2
"Seguin,Tyler",DAL,82,33,47,80,17,18,8,2,0,18,0,0,334,9.9%,1.0
"Bergeron,Patrice",BOS,65,32,47,79,23,30,3,1,0,18,4,3,205,15.6%,1.2
"Lindholm,Elias",CGY,81,27,51,78,30,20,5,0,0,17,1,3,182,14.8%,1.0
"O'Reilly,Ryan",STL,82,28,49,77,22,12,5,2,0,16,1,2,234,12.0%,0.9
"Tkachuk,Matthew",CGY,80,34,43,77,14,62,2,0,0,13,0,0,207,16.4%,1.0
"Couturier,Sean",PHI,80,33,43,76,2,34,5,1,0,9,1,0,223,14.8%,1.0
"Teravainen,Teuvo",CAR,82,21,55,76,30,12,1,1,0,16,1,4,167,12.6%,0.9
"Guentzel,Jake",PIT,82,40,36,76,13,26,4,1,0,5,1,0,227,17.6%,0.9
"DeBrincat,Alex",CHI,82,41,35,76,0,15,3,1,0,11,0,0,220,18.6%,0.9
"Landeskog,Gabriel",COL,73,34,41,75,17,51,9,0,0,17,0,0,243,14.0%,1.0
"Giordano,Mark",CGY,78,17,57,74,39,69,2,0,0,18,4,2,221,7.7%,1.0
"Backstrom,Nicklas",WSH,80,22,52,74,2,30,5,1,0,18,0,0,169,13.0%,0.9
"Zibanejad,Mika",NYR,82,30,44,74,-12,47,5,0,0,12,2,0,236,12.7%,0.9
"Hertl,Tomas",SJ,77,35,39,74,5,18,5,1,0,4,1,1,176,19.9%,1.0
"Krejci,David",BOS,81,20,53,73,7,16,4,1,0,10,0,0,139,14.4%,0.9
"Stone,Mark",VGK,77,33,40,73,17,27,4,1,0,14,1,0,199,16.6%,0.9
"Matthews,Auston",TOR,68,37,36,73,-9,12,5,2,0,8,0,0,251,14.7%,1.1
"Larkin,Dylan",DET,76,32,41,73,-6,75,4,4,0,8,2,1,287,11.1%,1.0
"Radulov,Alexander",DAL,70,29,43,72,22,54,7,1,0,16,0,0,209,13.9%,1.0
"Malkin,Evgeni",PIT,68,21,51,72,-25,89,5,0,0,17,0,0,187,11.2%,1.1
"Domi,Max",MTL,82,28,44,72,20,80,2,0,0,7,0,0,203,13.8%,0.9
"Rielly,Morgan",TOR,82,20,52,72,24,14,5,2,0,18,0,0,223,9.0%,0.9
"Kuznetsov,Evgeny",WSH,76,21,51,72,7,50,3,2,0,15,0,0,193,10.9%,1.0
"Duchene,Matt",CBJ,73,31,39,70,-3,8,1,0,0,8,0,0,172,18.0%,1.0
"Dadonov,Evgenii",FLA,82,28,42,70,-6,8,4,0,0,9,0,0,195,14.4%,0.9
"Couture,Logan",SJ,81,27,43,70,-6,22,3,0,0,12,2,0,204,13.2%,0.9
"Carlson,John",WSH,80,13,57,70,21,34,1,0,0,30,0,0,185,7.0%,0.9
"Hoffman,Mike",FLA,82,36,34,70,-24,30,6,3,0,18,0,0,253,14.2%,0.9
"Atkinson,Cam",CBJ,80,41,28,69,3,20,8,0,0,6,4,0,295,13.9%,0.9
"Nugent-Hopkins,Ryan",EDM,82,28,41,69,-13,26,3,0,0,18,1,2,208,13.5%,0.8
"Tarasenko,Vladimir",STL,76,33,35,68,8,22,5,1,0,10,0,0,275,12.0%,0.9
"Voracek,Jakub",PHI,78,20,46,66,-16,25,2,0,0,14,0,0,210,9.5%,0.9
"Meier,Timo",SJ,78,30,36,66,9,55,2,2,0,4,0,1,250,12.0%,0.9
"Connor,Kyle",WPG,82,34,32,66,-7,18,5,0,0,8,1,0,227,15.0%,0.8
"Pettersson,Elias",VAN,71,28,38,66,3,12,7,1,0,12,0,0,144,19.4%,0.9
"Reinhart,Sam",BUF,82,22,43,65,-10,16,1,0,0,13,0,0,180,12.2%,0.8
"Pavelski,Joe",SJ,75,38,26,64,-4,22,6,1,0,9,1,0,188,20.2%,0.9
"Johansen,Ryan",NSH,80,14,50,64,7,42,6,1,0,16,1,1,136,10.3%,0.8
"Skinner,Jeff",BUF,82,40,23,63,0,36,7,3,0,8,0,0,268,14.9%,0.8
"Yandle,Keith",FLA,82,9,53,62,-17,50,2,0,0,32,0,0,199,4.5%,0.8
"Barzal,Mathew",NYI,82,18,44,62,-5,46,3,1,0,15,0,0,179,10.1%,0.8
"Parise,Zach",MIN,74,28,33,61,-2,26,5,0,0,6,0,2,229,12.2%,0.8
"Horvat,Bo",VAN,82,27,34,61,-4,33,3,2,0,11,2,1,227,11.9%,0.7
"Dubois,Pierre-Luc",CBJ,82,27,34,61,16,64,5,1,0,7,0,0,174,15.5%,0.7
"Kopitar,Anze",LA,81,22,38,60,-20,30,3,0,0,18,2,0,156,14.1%,0.7
"Nyquist,Gustav",SJ,81,22,38,60,1,12,3,1,0,10,0,0,204,10.8%,0.7
"Gustafsson,Erik",CHI,79,17,43,60,-6,34,3,2,0,14,0,0,160,10.6%,0.8
"Barrie,Tyson",COL,78,14,45,59,-3,36,2,0,0,23,0,0,218,6.4%,0.8
"Marchessault,Jonathan",VGK,82,25,34,59,2,52,6,1,0,11,0,0,278,9.0%,0.7
"Tatar,Tomas",MTL,80,25,33,58,21,34,4,0,0,4,0,0,195,12.8%,0.7
"Strome,Dylan",CHI,78,20,37,57,-8,20,3,0,0,10,0,0,145,13.8%,0.7
"Letang,Kris",PIT,65,16,40,56,13,48,3,1,0,17,1,1,206,7.8%,0.9
"Bailey,Josh",NYI,82,16,40,56,8,21,4,1,0,12,1,0,126,12.7%,0.7
"Kane,Evander",SJ,75,30,26,56,-4,153,1,0,0,6,1,1,268,11.2%,0.8
"Josi,Roman",NSH,82,15,41,56,9,42,4,0,0,10,0,1,274,5.5%,0.7
"Dzingel,Ryan",CBJ,78,26,30,56,-9,29,5,2,0,6,0,0,159,16.4%,0.7
"Labanc,Kevin",SJ,82,17,39,56,-1,36,4,2,0,18,0,0,130,13.1%,0.7
"Karlsson,William",VGK,82,24,32,56,1,16,5,0,0,7,1,2,169,14.2%,0.7
"Boeser,Brock",VAN,69,26,30,56,-2,22,3,1,0,9,0,0,209,12.4%,0.8
"Hayes,Kevin",PHI,71,19,36,55,-2,12,2,1,0,8,2,1,156,12.2%,0.8
"Chabot,Thomas",OTT,70,14,41,55,-12,32,2,1,0,15,1,0,185,7.6%,0.8
"Oshie,T.J.",WSH,69,25,29,54,5,36,4,0,0,8,1,0,143,17.5%,0.8
"Schenn,Brayden",STL,72,17,37,54,3,40,5,1,0,8,0,0,159,10.7%,0.8
"Hedman,Victor",TB,70,12,42,54,24,44,4,2,0,23,0,1,182,6.6%,0.8
"Granlund,Mikael",NSH,79,16,38,54,-8,24,5,1,0,18,2,0,189,8.5%,0.7
"Athanasiou,Andreas",DET,76,30,24,54,-9,38,4,1,0,8,0,0,216,13.9%,0.7
"Williams,Justin",CAR,82,23,30,53,-4,44,5,0,0,5,0,0,237,9.7%,0.7
"Benn,Jamie",DAL,78,27,26,53,14,56,2,0,0,3,0,0,189,14.3%,0.7
"Niederreiter,Nino",CAR,82,23,30,53,-4,30,3,0,0,9,0,0,184,12.5%,0.6
"Krug,Torey",BOS,64,6,47,53,-2,33,2,1,0,28,0,0,151,4.0%,0.8
"Smith,Reilly",VGK,74,19,34,53,13,14,1,0,0,10,1,3,178,10.7%,0.7
"Nelson,Brock",NYI,82,25,28,53,20,28,3,1,0,6,1,0,181,13.8%,0.7
"Danault,Phillip",MTL,81,12,41,53,17,39,1,0,0,4,0,2,132,9.1%,0.7
"Drouin,Jonathan",MTL,81,18,35,53,-8,26,3,1,0,13,0,0,190,9.5%,0.7
"Staal,Eric",MIN,81,22,30,52,-7,34,6,0,0,8,0,1,215,10.2%,0.6
"Kreider,Chris",NYR,79,28,24,52,4,57,2,0,0,5,0,0,201,13.9%,0.7
"Gallagher,Brendan",MTL,82,33,19,52,10,49,4,0,0,3,0,0,302,10.9%,0.6
"Tuch,Alex",VGK,74,20,32,52,13,8,6,1,0,3,0,0,180,11.1%,0.7
"Thornton,Joe",SJ,73,16,35,51,8,20,4,0,0,12,0,0,90,17.8%,0.7
"Brown,Dustin",LA,72,22,29,51,-17,24,3,2,0,3,1,1,180,12.2%,0.7
"Lee,Anders",NYI,82,28,23,51,20,58,5,0,0,6,0,0,204,13.7%,0.6
"Palmieri,Kyle",NJ,74,27,23,50,-9,42,2,0,0,7,0,0,224,12.1%,0.7
"Forsberg,Filip",NSH,64,28,22,50,8,26,4,1,0,3,2,0,217,12.9%,0.8
"Trouba,Jacob",NYR,82,8,42,50,8,58,1,1,0,15,1,2,162,4.9%,0.6
"Laine,Patrik",WPG,82,30,20,50,-24,42,3,0,0,8,0,0,245,12.2%,0.6
"Soderberg,Carl",COL,82,23,26,49,-5,26,2,0,0,8,3,0,188,12.2%,0.6
"Konecny,Travis",PHI,82,24,25,49,-4,40,3,1,0,4,0,0,182,13.2%,0.6
"Getzlaf,Ryan",ANA,67,14,34,48,-19,58,2,1,0,10,0,0,133,10.5%,0.7
"Riemsdyk,James",PHI,66,27,21,48,-10,18,4,0,0,5,0,0,167,16.2%,0.7
"Mantha,Anthony",DET,67,25,23,48,-8,30,1,1,0,6,0,0,198,12.6%,0.7
"Tierney,Chris",OTT,81,9,39,48,-22,26,1,0,0,10,0,0,116,7.8%,0.6
"Gourde,Yanni",TB,80,22,26,48,9,66,5,1,0,4,1,1,130,16.9%,0.6
"Arvidsson,Viktor",NSH,58,34,14,48,12,26,7,0,0,1,2,1,195,17.4%,0.8
"Suter,Ryan",MIN,82,7,40,47,-8,41,2,0,0,12,1,1,136,5.1%,0.6
"Backlund,Mikael",CGY,77,21,26,47,34,52,4,1,0,1,1,1,205,10.2%,0.6
"Saad,Brandon",CHI,80,23,24,47,-9,12,3,0,0,1,3,0,195,11.8%,0.6
"Shaw,Andrew",MTL,63,19,28,47,17,71,3,0,0,3,0,0,135,14.1%,0.8
"Miller,J.T.",VAN,75,13,34,47,8,30,4,0,0,16,0,0,108,12.0%,0.6
"Johnson,Tyler",TB,80,29,18,47,15,28,4,0,0,7,1,0,163,17.8%,0.6
"Anderson,Josh",CBJ,82,27,20,47,25,60,5,0,0,4,2,1,230,11.7%,0.6
"Bertuzzi,Tyler",DET,73,21,26,47,11,36,4,1,0,3,0,0,131,16.0%,0.6
"Vrana,Jakub",WSH,82,24,23,47,20,27,4,0,0,3,0,0,161,14.9%,0.6
"Keller,Clayton",ARI,82,14,33,47,-21,24,5,0,0,18,0,0,200,7.0%,0.6
"Hischier,Nico",NJ,69,17,30,47,0,24,3,3,0,8,0,0,160,10.6%,0.7
"Zajac,Travis",NJ,80,19,27,46,-25,20,3,1,0,7,2,0,120,15.8%,0.6
"Perron,David",STL,57,23,23,46,3,46,1,0,0,7,0,0,112,20.5%,0.8
"Petry,Jeff",MTL,82,13,33,46,-5,28,4,2,0,8,0,1,172,7.6%,0.6
"McDonagh,Ryan",TB,82,9,37,46,38,34,1,0,0,3,0,3,128,7.0%,0.6
"Connolly,Brett",WSH,81,22,24,46,13,24,5,0,0,1,0,0,139,15.8%,0.6
"Jones,Seth",CBJ,75,9,37,46,1,28,4,3,0,10,0,3,184,4.9%,0.6
"Doughty,Drew",LA,82,8,37,45,-34,44,1,1,0,17,0,1,154,5.2%,0.6
"Karlsson,Erik",SJ,53,3,42,45,6,22,1,0,0,18,0,0,169,1.8%,0.9
"Klingberg,John",DAL,64,10,35,45,6,12,5,0,0,15,0,0,153,6.5%,0.7
"Tkachuk,Brady",OTT,71,22,23,45,-10,75,3,1,0,6,0,0,214,10.3%,0.6
"Kadri,Nazem",TOR,73,16,28,44,-2,43,5,0,0,9,0,0,184,8.7%,0.6
"Ekman-Larsson,Oliver",ARI,81,14,30,44,-16,52,2,0,0,14,1,2,176,8.0%,0.5
"Ekholm,Mattias",NSH,80,8,36,44,27,47,3,1,0,5,0,2,146,5.5%,0.6
"Kapanen,Kasperi",TOR,78,20,24,44,12,27,3,1,0,2,2,0,174,11.5%,0.6
"Werenski,Zachary",CBJ,82,11,33,44,-12,18,1,0,0,13,0,0,168,6.5%,0.5
"Dahlin,Rasmus",BUF,82,9,35,44,-13,34,4,0,0,15,0,0,177,5.1%,0.5
"Spurgeon,Jared",MIN,82,14,29,43,-1,20,0,0,0,7,0,1,152,9.2%,0.5
"Silfverberg,Jakob",ANA,73,24,19,43,-9,28,4,1,0,8,2,1,163,14.7%,0.6
"Rakell,Rickard",ANA,69,18,25,43,-13,27,2,1,0,7,0,0,194,9.3%,0.6
"Ristolainen,Rasmus",BUF,78,5,38,43,-41,38,2,1,0,16,0,0,182,2.7%,0.6
"Johnsson,Andreas",TOR,73,20,23,43,14,32,3,0,0,3,0,0,130,15.4%,0.6
"Stastny,Paul",VGK,50,13,29,42,14,30,2,0,0,3,1,1,103,12.6%,0.8
"Ryan,Bobby",OTT,78,15,27,42,-29,35,1,0,0,9,0,0,160,9.4%,0.5
"Henrique,Adam",ANA,82,18,24,42,-5,24,3,0,0,5,0,1,122,14.8%,0.5
"Zucker,Jason",MIN,81,21,21,42,-9,28,5,1,0,7,0,0,214,9.8%,0.5
"DeBrusk,Jake",BOS,68,27,15,42,2,18,4,0,0,3,0,0,156,17.3%,0.6
"Kerfoot,Alexander",COL,78,15,27,42,-9,38,1,0,0,12,0,0,116,12.9%,0.5
"Little,Bryan",WPG,82,15,26,41,-12,26,5,1,0,3,0,2,126,11.9%,0.5
"Pietrangelo,Alex",STL,71,13,28,41,2,22,2,0,0,12,0,1,168,7.7%,0.6
"Ellis,Ryan",NSH,82,7,34,41,21,20,2,0,0,4,1,0,149,4.7%,0.5
"Eakin,Cody",VGK,78,22,19,41,19,16,3,0,0,3,3,0,120,18.3%,0.5
"Galchenyuk,Alex",ARI,72,19,22,41,-19,34,4,1,0,12,0,0,159,11.9%,0.6
"Nurse,Darnell",EDM,82,10,31,41,-5,87,1,1,0,8,0,1,196,5.1%,0.5
"Hyman,Zach",TOR,71,21,20,41,16,65,4,0,0,0,1,0,144,14.6%,0.6
"White,Colin",OTT,71,14,27,41,-24,24,2,1,0,3,0,0,123,11.4%,0.6
"Keith,Duncan",CHI,82,6,34,40,13,70,1,1,0,3,0,1,141,4.3%,0.5
"Pacioretty,Max",VGK,66,22,18,40,-13,36,5,1,0,4,0,0,191,11.5%,0.6
"Zuccarello,Mats",DAL,48,12,28,40,-8,24,1,0,0,12,0,0,104,11.5%,0.8
"Killorn,Alex",TB,82,18,22,40,22,45,2,1,0,3,1,1,153,11.8%,0.5
"Wilson,Tom",WSH,63,22,18,40,11,128,2,0,0,2,2,0,130,16.9%,0.6
"Ferland,Micheal",CAR,71,17,23,40,13,58,3,0,0,7,0,0,156,10.9%,0.6
"Hamilton,Dougie",CAR,82,18,21,39,0,54,2,0,0,5,0,0,259,6.9%,0.5
"Severson,Damon",NJ,82,11,28,39,-27,58,0,0,0,9,0,1,146,7.5%,0.5
"Fiala,Kevin",MIN,83,13,26,39,-23,36,2,0,0,9,0,0,174,7.5%,0.5
"Vatrano,Frank",FLA,81,24,15,39,-10,38,1,0,0,6,0,0,208,11.5%,0.5
"Hinostroza,Vinnie",ARI,72,16,23,39,-4,14,3,0,0,2,0,0,152,10.5%,0.5
"Cirelli,Anthony",TB,82,19,20,39,25,34,5,1,0,1,5,1,123,15.4%,0.5
"Bozak,Tyler",STL,72,13,25,38,-3,20,3,0,0,6,0,0,141,9.2%,0.5
"Smith,Craig",NSH,76,21,17,38,11,20,2,0,0,4,0,0,205,10.2%,0.5
"Chiasson,Alex",EDM,73,22,16,38,-1,32,1,0,0,7,1,1,123,17.9%,0.5
"Jenner,Boone",CBJ,77,16,22,38,6,42,3,0,0,2,1,0,170,9.4%,0.5
"Ryan,Derek",CGY,81,13,25,38,21,24,1,0,0,5,0,4,103,12.6%,0.5
"Buchnevich,Pavel",NYR,64,21,17,38,-10,13,1,0,0,5,0,0,119,17.6%,0.6
"Marleau,Patrick",CAR,82,16,21,37,-6,28,3,0,0,6,0,0,161,9.9%,0.5
"Hornqvist,Patric",PIT,69,18,19,37,-3,26,2,0,0,6,0,0,197,9.1%,0.5
"Anisimov,Artem",CHI,78,15,22,37,-2,14,1,0,0,3,1,0,142,10.6%,0.5
"Eberle,Jordan",NYI,78,19,18,37,-6,17,5,0,0,5,0,0,160,11.9%,0.5
"Hall,Taylor",NJ,33,11,26,37,-6,16,3,0,0,11,0,0,113,9.7%,1.1
"Muzzin,Jake",TOR,80,9,28,37,21,47,1,0,0,4,0,1,141,6.4%,0.5
"Theodore,Shea",VGK,79,12,25,37,-4,20,1,1,0,5,0,1,202,5.9%,0.5
"Pulock,Ryan",NYI,82,9,28,37,21,22,3,1,0,6,0,0,180,5.0%,0.5
"Gostisbehere,Shayne",PHI,78,9,28,37,-20,22,2,1,0,10,0,0,180,5.0%,0.5
"Ekblad,Aaron",FLA,82,13,24,37,1,47,1,1,0,5,0,0,180,7.2%,0.5
"Ehlers,Nikolaj",WPG,62,21,16,37,2,15,4,0,0,5,0,0,158,13.3%,0.6
"Donskoi,Joonas",SJ,80,14,23,37,10,10,4,0,0,2,0,0,115,12.2%,0.5
"Kahun,Dominik",PIT,82,13,24,37,10,6,2,0,0,1,0,0,137,9.5%,0.5
"Svechnikov,Andrei",CAR,82,20,17,37,0,62,3,1,0,5,0,0,189,10.6%,0.5
"Vanek,Thomas",DET,64,16,20,36,-12,26,1,0,0,7,0,0,108,14.8%,0.6
"Eller,Lars",WSH,81,13,23,36,-1,37,1,1,0,3,1,2,163,8.0%,0.4
"Schwartz,Jaden",STL,69,11,25,36,-6,16,1,0,0,3,0,0,183,6.0%,0.5
"Bjorkstrand,Oliver",CBJ,77,23,13,36,8,8,1,0,0,0,0,0,161,14.3%,0.5
"Coleman,Blake",NJ,78,22,14,36,-19,71,3,0,0,0,3,2,213,10.3%,0.5
"Nielsen,Frans",DET,72,10,25,35,-7,14,4,0,0,8,0,1,120,8.3%,0.5
"Foligno,Nick",CBJ,73,17,18,35,12,44,2,0,0,2,0,0,141,12.1%,0.5
"Boedker,Mikkel",OTT,71,7,28,35,-23,6,1,0,0,5,0,0,88,8.0%,0.5
"Bonino,Nick",NSH,81,17,18,35,27,18,1,0,0,0,0,1,118,14.4%,0.4
"Stepan,Derek",ARI,72,15,20,35,-2,14,3,1,0,2,3,0,195,7.7%,0.5
"Faulk,Justin",CAR,82,11,24,35,9,47,3,0,0,4,0,0,217,5.1%,0.4
"Strome,Ryan",NYR,81,19,16,35,-3,64,2,2,0,3,0,0,110,17.3%,0.4
"Rust,Bryan",PIT,72,18,17,35,10,24,4,0,0,0,2,2,141,12.8%,0.5
"Sanheim,Travis",PHI,82,9,26,35,-4,22,2,1,0,3,0,0,121,7.4%,0.4
"Dunn,Vince",STL,78,12,23,35,14,45,4,1,0,5,0,0,150,8.0%,0.5
"McCann,Jared",PIT,78,19,16,35,-1,31,2,0,0,2,4,0,150,12.7%,0.4
"Vesey,Jimmy",NYR,81,17,18,35,-6,21,4,0,0,3,0,0,154,11.0%,0.4
"Montour,Brandon",BUF,82,8,27,35,-20,56,2,0,0,5,0,0,181,4.4%,0.4
"Kovalchuk,Ilya",LA,64,16,18,34,-26,10,1,1,0,5,0,0,141,11.3%,0.5
"Edler,Alexander",VAN,56,10,24,34,3,54,2,2,0,13,0,1,128,7.8%,0.6
"Frolik,Michael",CGY,65,16,18,34,24,26,4,0,0,0,2,0,132,12.1%,0.5
"Brodie,T.J.",CGY,79,9,25,34,29,24,1,1,0,3,1,0,102,8.8%,0.4
"Toffoli,Tyler",LA,82,13,21,34,-16,23,3,2,0,2,0,0,226,5.8%,0.4
"Coyle,Charlie",BOS,81,12,22,34,-1,20,2,0,0,3,1,0,155,7.7%,0.4
"Palat,Ondrej",TB,64,8,26,34,4,20,1,0,0,6,0,0,100,8.0%,0.5
"Trocheck,Vincent",FLA,55,10,24,34,-9,54,1,0,0,10,1,0,158,6.3%,0.6
"Sheary,Conor",BUF,78,14,20,34,-18,12,3,1,0,2,0,0,147,9.5%,0.4
"Heinen,Danton",BOS,77,11,23,34,13,16,2,0,0,6,0,0,114,9.6%,0.4
"Kotkaniemi,Jesperi",MTL,79,11,23,34,1,26,2,0,0,4,0,0,134,8.2%,0.4
"Weber,Shea",MTL,58,14,19,33,15,28,3,0,0,1,0,0,166,8.4%,0.6
"Carter,Jeff",LA,76,13,20,33,-20,42,1,0,0,8,1,1,174,7.5%,0.4
"Cizikas,Casey",NYI,73,20,13,33,22,36,3,0,0,0,2,1,111,18.0%,0.5
"Panik,Richard",ARI,75,14,19,33,-3,44,2,1,0,2,1,0,140,10.0%,0.4
"Duclair,Anthony",OTT,74,19,14,33,-2,14,3,0,0,1,0,0,132,14.4%,0.4
"Hanifin,Noah",CGY,80,5,28,33,18,12,2,0,0,4,1,1,116,4.3%,0.4
"Iafallo,Alex",LA,82,15,18,33,-17,22,2,0,0,4,0,0,148,10.1%,0.4
"Bratt,Jesper",NJ,51,8,25,33,-8,6,1,0,0,7,0,0,91,8.8%,0.7
"Lindblom,Oskar",PHI,81,17,16,33,-9,20,2,0,0,1,0,0,162,10.5%,0.4
"Thomas,Robert",STL,70,9,24,33,-2,14,0,0,0,4,0,0,80,11.3%,0.5
"Heiskanen,Miro",DAL,82,12,21,33,-14,16,4,0,0,6,0,1,182,6.6%,0.4
"Laughton,Scott",PHI,82,12,20,32,-11,53,1,0,0,0,0,2,130,9.2%,0.4
"Lindell,Esa",DAL,82,11,21,32,14,33,1,0,0,3,2,0,132,8.3%,0.4
"Jankowski,Mark",CGY,79,14,18,32,6,12,1,0,0,0,5,3,99,14.1%,0.4
"Compher,J.T.",COL,66,16,16,32,-8,31,3,0,0,5,3,0,118,13.6%,0.5
"Sergachev,Mikhail",TB,75,6,26,32,12,28,0,0,0,6,0,0,128,4.7%,0.4
"Pominville,Jason",BUF,73,16,15,31,-4,4,3,0,0,1,0,0,134,11.9%,0.4
"Byfuglien,Dustin",WPG,42,4,27,31,4,69,1,0,0,15,0,0,115,3.5%,0.7
"Filppula,Valtteri",NYI,72,17,14,31,19,16,4,1,0,0,1,0,78,21.8%,0.4
"Myers,Tyler",WPG,80,9,22,31,11,63,3,0,0,7,1,1,156,5.8%,0.4
"Subban,P.K.",NJ,63,9,22,31,5,60,1,0,0,8,1,0,168,5.4%,0.5
"Byron,Paul",MTL,56,15,16,31,16,17,3,1,0,1,2,1,94,16.0%,0.6
"Roussel,Antoine",VAN,65,9,22,31,5,118,1,0,0,0,0,0,84,10.7%,0.5
"Namestnikov,Vladislav",NYR,78,11,20,31,-7,44,3,0,0,2,2,3,119,9.2%,0.4
"Morrissey,Josh",WPG,59,6,25,31,9,14,2,1,0,7,1,1,95,6.3%,0.5
"Sundqvist,Oskar",STL,74,14,17,31,-1,22,2,0,0,1,1,1,113,12.4%,0.4
"Ritchie,Nick",ANA,60,9,22,31,6,82,2,0,0,7,0,0,96,9.4%,0.5
"Slavin,Jaccob",CAR,82,8,23,31,0,18,1,0,0,2,1,1,146,5.5%,0.4
"Lehkonen,Artturi",MTL,82,11,20,31,10,32,4,0,0,0,0,0,176,6.3%,0.4
"Patrick,Nolan",PHI,72,13,18,31,-8,27,3,1,0,1,0,0,115,11.3%,0.4
"Simmonds,Wayne",NSH,79,17,13,30,-16,99,2,0,0,3,0,0,157,10.8%,0.4
"Perreault,Mathieu",WPG,82,15,15,30,-1,44,3,0,0,3,0,0,95,15.8%,0.4
"Johansson,Marcus",BOS,58,13,17,30,-16,8,1,0,0,7,0,0,115,11.3%,0.5
"Gardiner,Jake",TOR,62,3,27,30,19,26,0,0,0,5,0,0,78,3.8%,0.5
"Faksa,Radek",DAL,81,15,15,30,-3,54,1,0,0,2,1,1,114,13.2%,0.4
"Sissons,Colton",NSH,75,15,15,30,20,23,3,1,0,1,0,1,111,13.5%,0.4
"Schmidt,Nate",VGK,61,9,21,30,22,8,1,0,0,7,0,0,112,8.0%,0.5
"DeAngelo,Anthony",NYR,61,4,26,30,6,77,0,0,0,10,0,0,111,3.6%,0.5
"Sorensen,Marcus",SJ,80,17,13,30,10,23,1,0,0,0,1,1,100,17.0%,0.4
"Butcher,Will",NJ,78,4,26,30,-17,18,1,0,0,13,0,0,108,3.7%,0.4
"Koivu,Mikko",MIN,48,8,21,29,-2,22,0,0,0,10,0,1,89,9.0%,0.6
"Eriksson,Loui",VAN,81,11,18,29,-11,22,2,0,0,2,0,0,107,10.3%,0.4
"Okposo,Kyle",BUF,78,14,15,29,-9,41,2,0,0,4,0,0,147,9.5%,0.4
"Orlov,Dmitry",WSH,82,3,26,29,3,33,0,0,0,1,0,0,101,3.0%,0.4
"Murray,Ryan",CBJ,56,1,28,29,20,10,0,0,0,1,0,0,71,1.4%,0.5
"Miller,Colin",VGK,65,3,26,29,0,44,0,0,0,12,0,0,131,2.3%,0.5
"Brown,Connor",TOR,82,8,21,29,11,16,0,0,0,1,0,3,85,9.4%,0.4
"Shore,Devin",ANA,76,10,19,29,-12,13,4,0,0,3,2,0,82,12.2%,0.4
"Pesce,Brett",CAR,73,7,22,29,35,24,2,0,0,0,0,2,98,7.1%,0.4
"Rodrigues,Evan",BUF,74,9,20,29,-7,25,1,0,0,2,0,3,168,5.4%,0.4
"Tanev,Brandon",WPG,80,14,15,29,9,41,0,0,0,0,2,1,127,11.0%,0.4
"Seabrook,Brent",CHI,78,5,23,28,-6,41,1,0,0,8,0,1,165,3.0%,0.4
"Staal,Jordan",CAR,50,11,17,28,6,26,1,0,0,2,0,0,121,9.1%,0.6
"Smith,Zack",OTT,70,9,19,28,-6,81,1,0,0,0,1,2,101,8.9%,0.4
"Shattenkirk,Kevin",NYR,73,2,26,28,-15,20,0,0,0,6,0,0,148,1.4%,0.4
"Maroon,Patrick",STL,74,10,18,28,-3,64,3,0,0,9,0,0,118,8.5%,0.4
"Lindholm,Hampus",ANA,76,6,22,28,-5,44,0,0,0,5,0,1,125,4.8%,0.4
"Klefbom,Oscar",EDM,61,5,23,28,-11,16,2,1,0,10,0,0,167,3.0%,0.5
"Parayko,Colton",STL,80,10,18,28,20,15,3,1,0,4,0,1,176,5.7%,0.4
"Kempe,Adrian",LA,81,12,16,28,-10,50,2,0,0,4,0,0,118,10.2%,0.4
"Wallmark,Lucas",CAR,81,10,18,28,-8,36,4,0,0,5,0,0,131,7.6%,0.4
"Simon,Dominik",PIT,71,8,20,28,8,18,0,0,0,2,0,0,121,6.6%,0.4
"Beauvillier,Anthony",NYI,81,18,10,28,1,8,4,0,0,1,0,0,156,11.5%,0.4
"McAvoy,Charlie",BOS,54,7,21,28,14,45,3,1,0,1,0,1,79,8.9%,0.5
"Spezza,Jason",DAL,76,8,19,27,-13,29,1,0,0,10,0,0,121,6.6%,0.4
"Kronwall,Niklas",DET,79,3,24,27,-5,40,0,0,0,7,0,0,71,4.2%,0.3
"Richardson,Brad",ARI,66,19,8,27,6,22,3,0,0,0,3,3,128,14.8%,0.4
"Steen,Alexander",STL,65,10,17,27,2,14,0,0,0,3,1,1,114,8.8%,0.4
"Goligoski,Alex",ARI,76,3,24,27,-7,16,0,0,0,6,0,2,102,2.9%,0.4
"Wilson,Colin",COL,65,12,15,27,-6,8,2,0,0,2,0,0,104,11.5%,0.4
"Pearson,Tanner",VAN,80,18,9,27,-15,25,1,0,0,2,0,0,147,12.2%,0.3
"Cousins,Nick",ARI,81,7,20,27,-8,35,2,0,0,2,0,0,144,4.9%,0.3
"Bennett,Sam",CGY,71,13,14,27,-6,93,2,0,0,2,0,0,115,11.3%,0.4
"Goldobin,Nikolay",VAN,63,7,20,27,-10,18,1,0,0,8,0,1,105,6.7%,0.4
"Nylander,William",TOR,54,7,20,27,-4,16,0,0,0,5,0,0,130,5.4%,0.5
"Matheson,Michael",FLA,75,8,19,27,-24,44,2,1,0,6,0,2,129,6.2%,0.4
"Girard,Samuel",COL,82,4,23,27,8,6,0,0,0,9,0,0,116,3.4%,0.3
"Green,Mike",DET,43,5,21,26,-1,28,0,0,0,3,0,0,92,5.4%,0.6
"Leddy,Nick",NYI,82,4,22,26,0,18,0,0,0,10,0,0,116,3.4%,0.3
"Calvert,Matt",COL,82,11,15,26,-10,58,0,0,0,1,0,2,141,7.8%,0.3
"Kassian,Zack",EDM,79,15,11,26,-6,102,3,0,0,0,1,0,111,13.5%,0.3
"Bjugstad,Nick",PIT,64,14,12,26,6,30,2,0,0,4,0,0,154,9.1%,0.4
"Komarov,Leo",NYI,82,6,20,26,18,42,1,0,0,0,0,0,78,7.7%,0.3
"McGinn,Brock",CAR,82,10,16,26,10,20,0,0,0,0,1,0,123,8.1%,0.3
"Hartman,Ryan",DAL,83,12,14,26,1,74,2,0,0,0,0,0,145,8.3%,0.3
"Jarnkrok,Calle",NSH,79,10,16,26,13,12,1,0,0,1,1,0,106,9.4%,0.3
"Ceci,Cody",OTT,74,7,19,26,-22,18,2,0,0,1,0,0,132,5.3%,0.4
"Barbashev,Ivan",STL,80,14,12,26,-4,17,1,0,0,0,2,0,60,23.3%,0.3
"Provorov,Ivan",PHI,82,7,19,26,-16,32,1,0,0,2,0,0,145,4.8%,0.3
"Joseph,Mathieu",TB,70,13,13,26,5,26,1,0,0,0,0,2,95,13.7%,0.4
"Jost,Tyson",COL,70,11,15,26,-2,14,3,0,0,1,0,0,114,9.6%,0.4
"Pionk,Neal",WPG,73,6,20,26,-16,35,1,0,0,11,0,1,132,4.5%,0.4
"Greene,Andy",NJ,82,5,20,25,-9,16,0,0,0,2,0,4,104,4.8%,0.3
"Vlasic,Marc-Edouard",SJ,72,3,22,25,-6,10,0,0,0,1,0,0,100,3.0%,0.4
"Niskanen,Matt",PHI,80,8,17,25,-3,41,1,1,0,1,0,1,143,5.6%,0.3
"Johnson,Erik",COL,80,7,18,25,8,38,1,1,0,0,0,0,144,4.9%,0.3
"Martinook,Jordan",CAR,82,15,10,25,1,38,5,0,0,0,1,0,146,10.3%,0.3
"Burakovsky,Andre",WSH,76,12,13,25,2,14,4,0,0,0,0,0,100,12.0%,0.3
"Aberg,Pontus",MIN,59,12,13,25,-14,20,1,0,0,4,0,0,101,11.9%,0.4
"Wennberg,Alexander",CBJ,75,2,23,25,-1,12,0,0,0,5,1,2,64,3.1%,0.3
"Virtanen,Jake",VAN,70,15,10,25,-4,44,1,0,0,0,0,0,154,9.7%,0.4
"Janmark,Mattias",DAL,81,6,19,25,-4,24,0,0,0,1,0,1,105,5.7%,0.3
"Copp,Andrew",WPG,69,11,14,25,20,6,2,0,0,0,1,0,82,13.4%,0.4
"Skjei,Brady",NYR,78,8,17,25,-4,44,1,1,0,0,0,1,126,6.3%,0.3
"Pettersson,Marcus",PIT,84,2,23,25,17,66,0,0,0,4,0,1,87,2.3%,0.3
"Zacha,Pavel",NJ,61,13,12,25,-6,15,2,0,0,2,2,1,99,13.1%,0.4
"Crouse,Lawson",ARI,81,11,14,25,5,67,1,0,0,0,2,0,131,8.4%,0.3
"Kempny,Michal",WSH,71,6,19,25,24,60,3,0,0,0,0,0,111,5.4%,0.4
"Schmaltz,Nick",ARI,40,7,18,25,-12,8,2,1,0,3,0,0,62,11.3%,0.6
"Donato,Ryan",MIN,56,10,15,25,-15,6,1,1,0,5,0,0,139,7.2%,0.4
"Mittelstadt,Casey",BUF,77,12,13,25,-19,10,1,0,0,7,0,0,118,10.2%,0.3
"Boyle,Brian",NSH,73,18,6,24,-14,38,4,0,0,2,1,1,123,14.6%,0.3
"Savard,David",CBJ,82,8,16,24,19,36,1,0,0,0,0,0,124,6.5%,0.3
"Leivo,Josh",VAN,76,14,10,24,5,32,2,0,0,4,0,0,151,9.3%,0.3
"Agostino,Kenny",NJ,63,6,18,24,-3,34,0,0,0,5,0,0,79,7.6%,0.4
"Wood,Miles",NJ,63,10,14,24,-10,91,1,0,0,2,0,0,159,6.3%,0.4
"Greenway,Jordan",MIN,81,12,12,24,-12,29,0,0,0,0,0,0,109,11.0%,0.3
"Roslovic,Jack",WPG,77,9,15,24,-2,4,0,0,0,2,0,0,74,12.2%,0.3
"Hainsey,Ron",TOR,81,5,18,23,30,21,0,0,0,0,1,0,81,6.2%,0.3
"Coburn,Braydon",TB,74,4,19,23,4,34,0,0,0,0,0,0,113,3.5%,0.3
"Brassard,Derick",COL,70,14,9,23,-19,39,0,0,0,3,0,0,110,12.7%,0.3
"Clutterbuck,Cal",NYI,73,8,15,23,6,44,2,0,0,0,0,1,95,8.4%,0.3
"Turris,Kyle",NSH,55,7,16,23,-6,33,1,1,0,2,0,0,78,9.0%,0.4
"Fowler,Cam",ANA,59,5,18,23,-14,20,2,1,0,5,0,1,88,5.7%,0.4
"Armia,Joel",MTL,57,13,10,23,0,14,2,0,0,4,1,0,134,9.7%,0.4
"Glendening,Luke",DET,78,10,13,23,2,15,1,0,0,0,1,2,102,9.8%,0.3
"Leipsic,Brendan",LA,62,7,16,23,-14,24,1,0,0,3,0,0,92,7.6%,0.4
"Dumoulin,Brian",PIT,76,3,20,23,31,20,0,0,0,0,0,4,99,3.0%,0.3
"Nieto,Matt",COL,64,4,19,23,2,8,1,0,0,0,1,2,86,4.7%,0.4
"Lowry,Adam",WPG,78,12,11,23,6,33,3,0,0,0,1,2,105,11.4%,0.3
"Sprong,Daniel",ANA,63,14,9,23,-16,10,3,1,0,3,0,0,125,11.2%,0.4
"Stecher,Troy",VAN,78,2,21,23,9,32,0,0,0,2,1,0,105,1.9%,0.3
"Caggiula,Drake",CHI,55,12,11,23,-5,28,2,0,0,0,1,0,96,12.5%,0.4
"Howden,Brett",NYR,66,6,17,23,-16,14,1,0,0,2,0,0,74,8.1%,0.4
"Hronek,Filip",DET,46,5,18,23,-10,30,0,0,0,4,0,1,73,6.8%,0.5
"Chytil,Filip",NYR,75,11,12,23,-22,8,2,0,0,4,0,0,133,8.3%,0.3
"Benn,Jordie",MTL,81,5,17,22,15,39,1,0,0,0,0,0,93,5.4%,0.3
"Dillon,Brenden",SJ,82,1,21,22,19,61,0,0,0,0,1,0,71,1.4%,0.3
"Granlund,Markus",VAN,77,12,10,22,-4,20,1,0,0,1,0,1,123,9.8%,0.3
"Dumba,Mathew",MIN,32,12,10,22,-5,21,1,0,0,6,0,0,93,12.9%,0.7
"DeMelo,Dylan",OTT,77,4,18,22,-1,32,0,0,0,3,0,1,109,3.7%,0.3
"Dowd,Nic",WSH,64,8,14,22,10,20,3,0,0,0,0,1,47,17.0%,0.3
"Dickinson,Jason",DAL,67,6,16,22,9,23,2,2,0,0,0,0,94,6.4%,0.3
"Archibald,Josh",ARI,68,12,10,22,1,15,1,0,0,0,0,1,92,13.0%,0.3
"Hintz,Roope",DAL,58,9,13,22,-11,24,3,1,0,3,0,0,99,9.1%,0.4
"Brouwer,Troy",FLA,75,12,9,21,-6,47,1,0,0,0,1,0,86,14.0%,0.3
"Clifford,Kyle",LA,72,11,10,21,4,96,2,0,0,0,0,0,115,9.6%,0.3
"Weal,Jordan",MTL,63,8,13,21,-8,18,1,0,0,4,0,0,75,10.7%,0.3
"Pelech,Adam",NYI,78,5,16,21,22,24,0,0,0,0,0,0,110,4.5%,0.3
"Perlini,Brendan",CHI,68,14,7,21,-17,28,0,0,0,2,0,0,117,12.0%,0.3
"Wagner,Austin",LA,62,12,9,21,2,16,0,0,0,0,0,0,67,17.9%,0.3
"Kuraly,Sean",BOS,71,8,13,21,6,38,3,1,0,0,0,0,134,6.0%,0.3
"Nutivaara,Markus",CBJ,80,5,16,21,3,6,1,0,0,0,0,0,99,5.1%,0.3
"Cullen,Matt",PIT,71,7,13,20,6,14,2,0,0,0,2,2,87,8.0%,0.3
"Backes,David",BOS,70,7,13,20,0,31,1,0,0,5,0,0,129,5.4%,0.3
"Lucic,Milan",EDM,79,6,14,20,-9,91,0,0,0,2,0,0,74,8.1%,0.3
"Reaves,Ryan",VGK,80,9,11,20,1,74,2,0,0,0,0,0,95,9.5%,0.3
"Larsson,Adam",EDM,82,3,17,20,-28,44,0,0,0,0,0,1,117,2.6%,0.2
"DeKeyser,Danny",DET,52,5,15,20,2,39,3,1,0,0,0,0,59,8.5%,0.4
"Gudas,Radko",WSH,77,4,16,20,6,63,0,0,0,0,0,0,136,2.9%,0.3
"Jensen,Nick",WSH,80,2,18,20,4,21,0,0,0,0,0,1,94,2.1%,0.3
"Fast,Jesper",NYR,66,8,12,20,-3,26,1,0,0,0,0,0,80,10.0%,0.3
"Lindberg,Oscar",OTT,55,9,11,20,4,28,0,0,0,1,0,0,91,9.9%,0.4
"Erne,Adam",TB,65,7,13,20,10,40,3,0,0,0,0,0,70,10.0%,0.3
"Chiarot,Ben",WPG,78,5,15,20,6,62,1,0,0,0,0,1,111,4.5%,0.3
"Oesterle,Jordan",ARI,71,6,14,20,-3,12,0,0,0,4,0,0,77,7.8%,0.3
"Hagg,Robert",PHI,82,5,15,20,-3,63,1,0,0,0,0,0,86,5.8%,0.2
"Hutton,Ben",VAN,69,5,15,20,-23,43,1,0,0,7,0,1,114,4.4%,0.3
"Boyd,Travis",WSH,53,5,15,20,6,6,1,0,0,2,0,0,35,14.3%,0.4
"Kase,Ondrej",ANA,30,11,9,20,0,2,2,0,0,3,0,0,94,11.7%,0.7
"Rowney,Carter",ANA,62,7,13,20,0,12,0,0,0,0,1,0,53,13.2%,0.3
"Chychrun,Jakob",ARI,53,5,15,20,-12,28,0,0,0,5,0,0,117,4.3%,0.4
"Sanford,Zach",STL,60,8,12,20,8,21,2,0,0,1,0,0,77,10.4%,0.3
"Boychuk,Johnny",NYI,74,3,16,19,10,25,1,0,0,2,0,1,157,1.9%,0.3
"Abdelkader,Justin",DET,71,6,13,19,-14,38,0,0,0,1,1,0,95,6.3%,0.3
"Bogosian,Zach",BUF,65,3,16,19,-5,52,0,0,0,1,1,0,93,3.2%,0.3
"Neal,James",CGY,63,7,12,19,-5,28,1,0,0,4,0,0,141,5.0%,0.3
"Paajarvi,Magnus",OTT,80,11,8,19,-14,6,1,0,0,0,1,1,119,9.2%,0.2
"Hamonic,Travis",CGY,69,7,12,19,21,33,1,0,0,0,1,2,128,5.5%,0.3
"Foligno,Marcus",MIN,82,7,12,19,-1,55,0,0,0,1,0,1,91,7.7%,0.2
"Sheahan,Riley",FLA,82,9,10,19,-9,17,2,0,0,0,1,1,110,8.2%,0.2
"Hagelin,Carl",WSH,58,5,14,19,7,30,2,0,0,0,0,0,99,5.1%,0.3
"Wagner,Chris",BOS,76,12,7,19,3,51,1,0,0,0,0,0,135,8.9%,0.3
"Mayfield,Scott",NYI,79,4,15,19,18,68,0,0,0,0,1,0,104,3.8%,0.2
"Gibbons,Brian",OTT,64,8,11,19,-5,20,0,0,0,0,0,0,50,16.0%,0.3
"Hathaway,Garnet",CGY,76,11,8,19,14,56,5,0,0,0,2,0,77,14.3%,0.3
"Andersson,Rasmus",CGY,79,2,17,19,17,23,0,0,0,2,0,0,115,1.7%,0.2
"Kampf,David",CHI,63,4,15,19,-6,14,0,0,0,0,0,0,72,5.6%,0.3
"Comeau,Blake",DAL,77,7,11,18,-7,42,2,0,0,0,0,0,102,6.9%,0.2
"Ennis,Tyler",TOR,51,12,6,18,-6,2,1,0,0,3,0,0,81,14.8%,0.4
"Martinez,Alec",LA,60,4,14,18,-2,8,2,0,0,2,0,0,78,5.1%,0.3
"Pirri,Brandon",VGK,31,12,6,18,7,6,3,0,0,1,0,0,82,14.6%,0.6
"Brodin,Jonas",MIN,82,4,14,18,-15,30,2,0,0,1,1,0,111,3.6%,0.2
"Girgensons,Zemgus",BUF,72,5,13,18,-11,17,0,0,0,0,0,0,78,6.4%,0.3
"Khaira,Jujhar",EDM,60,3,15,18,-12,43,0,0,0,0,1,1,64,4.7%,0.3
"Raffl,Michael",PHI,67,6,12,18,-1,32,1,0,0,0,1,0,65,9.2%,0.3
"Carpenter,Ryan",VGK,68,5,13,18,-6,8,0,0,0,0,1,1,102,4.9%,0.3
"Czarnik,Austin",CGY,54,6,12,18,-1,8,3,0,0,3,0,0,65,9.2%,0.3
"Fischer,Christian",ARI,71,11,7,18,-13,27,0,0,0,0,0,0,116,9.5%,0.3
"Garland,Conor",ARI,47,13,5,18,1,12,2,0,0,2,0,0,118,11.0%,0.4
"Grzelcyk,Matt",BOS,66,3,15,18,9,68,0,0,0,5,0,0,90,3.3%,0.3
"Toews,Devon",NYI,48,5,13,18,7,4,2,1,0,3,0,0,81,6.2%,0.4
"Borgstrom,Henrik",FLA,50,8,10,18,-14,4,0,0,0,4,0,0,54,14.8%,0.4
"Rasmussen,Michael",DET,62,8,10,18,-8,29,0,0,0,0,0,0,74,10.8%,0.3
"Bouwmeester,Jay",STL,78,3,14,17,-3,40,1,0,0,0,0,0,82,3.7%,0.2
"Callahan,Ryan",TB,52,7,10,17,7,14,3,0,0,0,0,1,76,9.2%,0.3
"Helm,Darren",DET,61,7,10,17,-11,20,0,0,0,0,1,3,107,6.5%,0.3
"Cogliano,Andrew",DAL,78,6,11,17,1,22,1,0,0,0,0,0,106,5.7%,0.2
"Stralman,Anton",TB,47,2,15,17,12,8,0,0,0,1,0,0,57,3.5%,0.4
"Vatanen,Sami",NJ,50,4,13,17,-17,22,0,0,0,2,0,0,107,3.7%,0.3
"Kulak,Brett",MTL,57,6,11,17,12,31,3,0,0,0,1,0,102,5.9%,0.3
"Goodrow,Barclay",SJ,82,7,10,17,4,76,3,0,0,0,1,0,84,8.3%,0.2
"Andrighetto,Sven",COL,64,7,10,17,10,14,1,0,0,0,0,0,95,7.4%,0.3
"Harrington,Scott",CBJ,73,2,15,17,6,23,0,0,0,0,0,0,54,3.7%,0.2
"Paquette,Cedric",TB,80,13,4,17,7,80,1,0,0,0,2,0,87,14.9%,0.2
"Lemieux,Brendan",NYR,63,12,5,17,6,108,1,0,0,0,0,0,67,17.9%,0.3
"Nosek,Tomas",VGK,68,8,9,17,-10,18,1,0,0,0,1,0,116,6.9%,0.3
"Dermott,Travis",TOR,64,4,13,17,-5,22,0,0,0,0,0,0,98,4.1%,0.3
"Kunin,Luke",MIN,49,6,11,17,-9,27,1,0,0,1,0,0,88,6.8%,0.4
"Benning,Matt",EDM,70,5,12,17,11,33,0,0,0,1,0,1,94,5.3%,0.2
"Aston-Reese,Zachary",PIT,43,8,9,17,12,26,1,0,0,0,1,0,76,10.5%,0.4
"Girardi,Dan",TB,62,4,12,16,6,12,0,0,0,0,0,1,75,5.3%,0.3
"Russell,Kris",EDM,72,3,13,16,5,27,0,0,0,0,0,1,63,4.8%,0.2
"Grabner,Michael",ARI,41,9,7,16,-2,8,1,1,0,0,6,3,65,13.8%,0.4
"Braun,Justin",PHI,78,2,14,16,-14,35,0,0,0,1,0,0,105,1.9%,0.2
"McNabb,Brayden",VGK,81,4,12,16,11,52,1,0,0,0,0,1,84,4.8%,0.2
"Watson,Austin",NSH,37,7,9,16,11,39,1,0,0,0,0,0,64,10.9%,0.4
"Biega,Alex",VAN,41,2,14,16,0,22,0,0,0,1,0,0,91,2.2%,0.4
"Manson,Josh",ANA,74,3,13,16,-8,62,0,0,0,0,0,1,96,3.1%,0.2
"Karlsson,Melker",SJ,79,12,4,16,-1,26,2,0,0,0,0,0,79,15.2%,0.2
"Cernak,Erik",TB,58,5,11,16,25,58,1,0,0,0,0,0,107,4.7%,0.3
"Motte,Tyler",VAN,74,9,7,16,-12,10,1,0,0,0,2,0,114,7.9%,0.2
"Cholowski,Dennis",DET,52,7,9,16,-20,16,1,0,0,5,0,0,71,9.9%,0.3
"Malgin,Denis",FLA,50,7,9,16,-10,14,0,0,0,1,0,0,66,10.6%,0.3
"Fehr,Eric",MIN,72,7,8,15,-8,30,0,0,0,0,0,1,67,10.4%,0.2
"Holden,Nick",VGK,61,3,12,15,5,14,0,0,0,0,0,2,77,3.9%,0.3
"Sceviour,Colton",FLA,59,5,10,15,-2,15,0,0,0,1,0,0,116,4.3%,0.3
"Cole,Ian",COL,71,2,13,15,-1,115,0,0,0,0,0,0,82,2.4%,0.2
"Schultz,Justin",PIT,29,2,13,15,0,4,0,0,0,5,0,0,47,4.3%,0.5
"Weegar,MacKenzie",FLA,64,4,11,15,-3,64,2,0,0,1,0,0,79,5.1%,0.2
"Merrill,Jon",VGK,57,3,12,15,16,53,0,0,0,0,1,0,72,4.2%,0.3
"Bellemare,Pierre-Edouard",VGK,76,6,9,15,2,6,0,0,0,0,2,0,108,5.6%,0.2
"Foegele,Warren",CAR,77,10,5,15,-17,20,3,0,0,0,0,0,106,9.4%,0.2
"Lajoie,Max",OTT,56,7,8,15,-25,20,0,0,0,4,0,0,79,8.9%,0.3
"Chara,Zdeno",BOS,62,5,9,14,22,57,2,0,0,2,0,0,99,5.1%,0.2
"Dubinsky,Brandon",CBJ,61,6,8,14,-16,36,0,0,0,0,0,1,63,9.5%,0.2
"Martin,Matt",NYI,67,6,8,14,5,53,1,0,0,0,0,0,62,9.7%,0.2
"Baertschi,Sven",VAN,26,9,5,14,-9,6,0,0,0,4,0,0,43,20.9%,0.5
"Haan,Calvin",CAR,74,1,13,14,1,20,1,0,0,0,0,0,102,1.0%,0.2
"Larsson,Johan",BUF,73,6,8,14,-8,37,0,0,0,0,1,0,79,7.6%,0.2
"Grant,Derek",ANA,56,4,10,14,-6,14,1,0,0,0,0,1,74,5.4%,0.3
"Zadorov,Nikita",COL,70,7,7,14,19,75,0,0,0,0,0,0,100,7.0%,0.2
"Maatta,Olli",CHI,60,1,13,14,9,12,1,0,0,3,0,0,74,1.4%,0.2
"Gauthier,Frederik",TOR,70,3,11,14,3,12,0,0,0,0,0,0,46,6.5%,0.2
"Riemsdyk,Trevor",CAR,78,3,11,14,-4,10,1,0,0,0,0,0,102,2.9%,0.2
"McCabe,Jake",BUF,59,4,10,14,-4,35,0,0,0,0,1,0,64,6.3%,0.2
"Acciari,Noel",BOS,72,6,8,14,-3,47,2,0,0,0,0,0,99,6.1%,0.2
"Zaitsev,Nikita",TOR,81,3,11,14,2,18,0,0,0,0,0,0,71,4.2%,0.2
"Ek,Joel",MIN,58,7,7,14,-7,20,2,0,0,0,0,0,111,6.3%,0.2
"Balcers,Rudolfs",OTT,36,5,9,14,-7,10,1,0,0,1,0,0,48,10.4%,0.4
"Forbort,Derek",LA,81,2,12,14,-13,52,1,0,0,0,0,0,75,2.7%,0.2
"Thompson,Nate",MTL,78,5,8,13,-1,17,0,0,0,0,0,0,71,7.0%,0.2
"Stafford,Drew",NJ,57,5,8,13,-7,18,0,0,0,1,0,0,77,6.5%,0.2
"Johnson,Jack",PIT,82,1,12,13,-4,41,0,0,0,1,0,2,86,1.2%,0.2
"Sobotka,Vladimir",BUF,69,5,8,13,-20,26,0,0,0,0,0,1,71,7.0%,0.2
"Gagner,Sam",EDM,32,6,7,13,-6,14,1,0,0,0,0,0,68,8.8%,0.4
"Staal,Marc",NYR,79,3,10,13,-9,32,0,0,0,0,0,0,84,3.6%,0.2
"Beagle,Jay",VAN,57,3,10,13,-8,18,0,0,0,0,1,0,45,6.7%,0.2
"Moore,John",BOS,61,4,9,13,0,26,1,0,0,1,0,0,97,4.1%,0.2
"Scandella,Marco",BUF,63,6,7,13,-13,26,1,0,0,0,0,1,83,7.2%,0.2
"Smith,Brendan",NYR,63,4,9,13,-7,71,0,0,0,0,0,1,66,6.1%,0.2
"Murphy,Connor",CHI,52,5,8,13,12,40,1,0,0,0,0,0,84,6.0%,0.3
"Grimaldi,Rocco",NSH,53,5,8,13,-2,10,0,0,0,0,0,0,81,6.2%,0.3
"Amadio,Michael",LA,43,6,7,13,-1,6,0,0,0,0,0,0,37,16.2%,0.3
"Mangiapane,Andrew",CGY,44,8,5,13,11,12,1,0,0,0,0,0,65,12.3%,0.3
"Heed,Tim",SJ,37,2,11,13,9,10,0,0,0,2,0,0,41,4.9%,0.4
"Mete,Victor",MTL,71,0,13,13,17,6,0,0,0,0,0,0,65,0.0%,0.2
"Seney,Brett",NJ,51,5,8,13,-14,31,0,0,0,1,0,0,49,10.2%,0.3
"Terry,Troy",ANA,32,4,9,13,8,2,0,0,0,4,0,0,25,16.0%,0.4
"Lindholm,Par",WPG,65,1,12,13,5,18,0,0,0,0,0,0,65,1.5%,0.2
"Lewis,Trevor",LA,44,3,9,12,-9,9,1,0,0,0,0,0,87,3.4%,0.3
"Engelland,Deryk",VGK,74,2,10,12,-3,18,1,0,0,0,0,0,105,1.9%,0.2
"Kruger,Marcus",CHI,74,4,8,12,-2,30,2,0,0,0,0,1,74,5.4%,0.2
"Tanev,Christopher",VAN,55,2,10,12,3,18,0,0,0,0,0,0,51,3.9%,0.2
"Nash,Riley",CBJ,78,3,9,12,-8,19,1,0,0,0,0,0,79,3.8%,0.2
"Oleksiak,Jamie",DAL,57,4,8,12,5,45,0,0,0,0,0,0,55,7.3%,0.2
"Beaulieu,Nathan",WPG,48,3,9,12,6,39,0,0,0,1,0,0,60,5.0%,0.3
"Pageau,Jean-Gabriel",OTT,39,4,8,12,-12,14,0,0,0,0,0,0,83,4.8%,0.3
"Nordstrom,Joakim",BOS,70,7,5,12,0,13,3,1,0,0,0,0,103,6.8%,0.2
"Hunt,Brad",MIN,42,5,7,12,-2,8,1,0,0,4,0,0,75,6.7%,0.3
"Pitlick,Tyler",PHI,47,8,4,12,-2,6,1,0,0,0,0,0,75,10.7%,0.3
"Pouliot,Derrick",VAN,62,3,9,12,-1,30,1,1,0,0,0,0,58,5.2%,0.2
"Hawryluk,Jayce",FLA,42,7,5,12,-8,16,0,0,0,1,0,0,35,20.0%,0.3
"Thompson,Tage",BUF,65,7,5,12,-22,20,0,0,0,0,0,0,108,6.5%,0.2
"Jokiharju,Henri",CHI,38,0,12,12,-7,16,0,0,0,1,0,0,62,0.0%,0.3
"Wolanin,Christian",OTT,30,4,8,12,3,6,1,0,0,3,0,0,36,11.1%,0.4
"Sherwood,Kiefer",ANA,50,6,6,12,1,8,1,0,0,0,0,0,60,10.0%,0.2
"Gaudette,Adam",VAN,56,5,7,12,-8,18,1,0,0,2,0,0,55,9.1%,0.2
"Ladd,Andrew",NYI,26,3,8,11,3,16,0,0,0,0,0,1,34,8.8%,0.4
"Weise,Dale",MTL,51,5,6,11,-8,19,1,0,0,0,1,0,58,8.6%,0.2
"Pysyk,Mark",FLA,70,1,10,11,-1,26,0,0,0,0,0,1,64,1.6%,0.2
"Fedun,Taylor",DAL,54,4,7,11,2,14,0,0,0,2,0,1,86,4.7%,0.2
"Rieder,Tobias",EDM,67,0,11,11,-8,8,0,0,0,2,0,0,92,0.0%,0.2
"Mueller,Mirco",NJ,53,1,10,11,-3,17,0,0,0,0,0,0,39,2.6%,0.2
"Edmundson,Joel",STL,64,2,9,11,8,68,1,0,0,0,0,0,102,2.0%,0.2
"Rattie,Ty",EDM,50,4,7,11,-2,4,1,0,0,1,0,0,84,4.8%,0.2
"McKegg,Greg",CAR,41,6,5,11,-2,8,1,0,0,0,0,0,27,22.2%,0.3
"Carrick,Connor",NJ,34,2,9,11,-13,19,1,0,0,1,0,0,42,4.8%,0.3
"Stephenson,Chandler",WSH,64,5,6,11,-13,0,0,0,0,0,1,0,36,13.9%,0.2
"Steel,Sam",ANA,22,6,5,11,2,8,0,0,0,2,1,0,33,18.2%,0.5
"Luff,Matt",LA,33,8,3,11,-2,9,2,0,0,0,0,0,45,17.8%,0.3
"Radil,Lukas",SJ,36,7,4,11,7,6,2,0,0,0,0,0,40,17.5%,0.3
"Reilly,Mike",MTL,57,3,8,11,0,16,1,0,0,0,0,0,101,3.0%,0.2
"Kunitz,Chris",CHI,56,5,5,10,-7,23,1,0,0,0,0,0,44,11.4%,0.2
"Perry,Corey",ANA,31,6,4,10,-16,27,1,0,0,2,0,0,59,10.2%,0.3
"Hjalmarsson,Niklas",ARI,82,0,10,10,8,44,0,0,0,0,0,2,57,0.0%,0.1
"Zotto,Michael",STL,42,1,9,10,-2,8,0,0,0,0,0,0,45,2.2%,0.2
"Gudbranson,Erik",PIT,76,2,8,10,-20,87,1,0,0,0,0,1,94,2.1%,0.1
"Bortuzzo,Robert",STL,59,2,8,10,9,47,0,0,0,0,0,1,75,2.7%,0.2
"Schaller,Tim",VAN,47,3,7,10,-2,9,0,0,0,0,0,0,44,6.8%,0.2
"Nemeth,Patrik",COL,74,1,9,10,5,53,0,0,0,0,0,1,57,1.8%,0.1
"Nichushkin,Valeri",DAL,57,0,10,10,-4,0,0,0,0,0,0,0,65,0.0%,0.2
"Bowey,Madison",DET,50,2,8,10,-1,46,1,0,0,0,0,0,48,4.2%,0.2
"Djoos,Christian",WSH,45,1,9,10,9,4,0,0,0,0,0,0,33,3.0%,0.2
"Peca,Matthew",MTL,39,3,7,10,-14,4,0,0,0,0,0,1,35,8.6%,0.3
"Carlo,Brandon",BOS,72,2,8,10,22,47,0,0,0,0,0,2,116,1.7%,0.1
"Hunt,Dryden",FLA,31,3,7,10,0,8,0,0,0,0,0,0,53,5.7%,0.3
"Blueger,Teddy",PIT,28,6,4,10,7,15,1,0,0,0,1,2,33,18.2%,0.4
"Nieves,Boo",NYR,43,4,6,10,-4,8,1,0,0,0,0,0,34,11.8%,0.2
"Rooney,Kevin",NJ,41,6,4,10,-4,15,1,0,0,0,1,0,39,15.4%,0.2
"Jaros,Christian",OTT,61,1,9,10,-14,27,0,0,0,2,0,0,65,1.5%,0.2
"Walker,Sean",LA,39,3,7,10,-8,8,0,0,0,0,0,0,55,5.5%,0.3
"Appleton,Mason",WPG,36,3,7,10,9,4,1,0,0,0,0,0,29,10.3%,0.3
"Orpik,Brooks",WSH,53,2,7,9,8,32,0,0,0,0,0,0,43,4.7%,0.2
"Brodziak,Kyle",EDM,70,6,3,9,-14,33,2,0,0,0,1,0,74,8.1%,0.1
"Polak,Roman",DAL,77,1,8,9,6,69,0,0,0,0,0,0,77,1.3%,0.1
"MacDonald,Andrew",PHI,47,0,9,9,-5,18,0,0,0,0,0,2,41,0.0%,0.2
"Lovejoy,Ben",DAL,71,2,7,9,-1,37,0,0,0,0,0,0,95,2.1%,0.1
"Spooner,Ryan",VAN,52,3,6,9,-12,2,1,0,0,1,0,0,67,4.5%,0.2
"Rask,Victor",MIN,49,3,6,9,-4,8,0,0,0,2,0,0,55,5.5%,0.2
"Kuhnhackl,Tom",NYI,36,4,5,9,1,10,0,0,0,0,0,1,30,13.3%,0.3
"Carrier,William",VGK,54,8,1,9,-4,29,1,0,0,0,0,0,85,9.4%,0.2
"Carrier,William",VGK,60,3,6,9,-13,16,0,0,0,0,0,0,55,5.5%,0.2
"Forsling,Gustav",CHI,43,3,6,9,-9,30,0,0,0,0,0,0,57,5.3%,0.2
"Puljujarvi,Jesse",EDM,46,4,5,9,-14,16,0,0,0,1,0,0,53,7.5%,0.2
"Karlsson,Jakob",BOS,28,3,6,9,1,2,0,0,0,1,0,0,21,14.3%,0.3
"Kempe,Mario",ARI,52,4,5,9,5,18,0,0,0,0,0,0,57,7.0%,0.2
"Simek,Radim",SJ,41,1,8,9,7,8,1,0,0,0,0,0,41,2.4%,0.2
"Batherson,Drake",OTT,20,3,6,9,-2,6,2,0,0,1,0,0,18,16.7%,0.5
"Ehn,Christoffer",DET,60,3,6,9,-5,6,1,0,0,0,1,0,49,6.1%,0.2
"Daley,Trevor",DET,44,2,6,8,-3,12,1,0,0,0,1,0,47,4.3%,0.2
"Kesler,Ryan",ANA,60,5,3,8,-19,44,1,0,0,2,0,0,86,5.8%,0.1
"Weber,Yannick",NSH,62,2,6,8,7,18,0,0,0,0,0,0,67,3.0%,0.1
"Demers,Jason",ARI,35,2,6,8,9,12,2,0,0,1,0,0,39,5.1%,0.2
"Smith-Pelly,Devante",WSH,54,4,4,8,-6,15,0,0,0,0,0,0,60,6.7%,0.2
"Bourque,Gabriel",COL,55,2,6,8,3,10,1,0,0,0,0,1,34,5.9%,0.2
"Brown,J.T.",MIN,56,3,5,8,0,29,0,0,0,0,0,0,56,5.4%,0.1
"Jaskin,Dmitrij",WSH,37,2,6,8,-5,6,0,0,0,0,0,0,48,4.2%,0.2
"Noesen,Stefan",NJ,41,3,5,8,-19,28,0,0,0,0,0,0,64,4.7%,0.2
"Connauton,Kevin",ARI,50,1,7,8,-2,22,0,0,0,0,0,2,75,1.3%,0.2
"Wilson,Garrett",PIT,50,2,6,8,2,18,0,0,0,0,0,0,54,3.7%,0.2
"Cave,Colby",EDM,53,3,5,8,-5,16,1,0,0,0,0,0,58,5.2%,0.2
"Kylington,Oliver",CGY,38,3,5,8,3,10,1,0,0,0,0,0,21,14.3%,0.2
"Moore,Trevor",TOR,25,2,6,8,1,2,0,0,0,0,0,0,26,7.7%,0.3
"Rutta,Jan",TB,37,2,6,8,4,16,0,0,0,0,0,0,42,4.8%,0.2
"Sikura,Dylan",CHI,33,0,8,8,2,0,0,0,0,0,0,0,52,0.0%,0.2
"Maenalanen,Saku",CAR,34,4,4,8,0,20,0,0,0,0,0,0,36,11.1%,0.2
"Kiselevich,Bogdan",WPG,32,0,8,8,-3,12,0,0,0,0,0,0,14,0.0%,0.3
"Suomela,Antti",SJ,27,3,5,8,1,4,0,0,0,0,0,0,42,7.1%,0.3
"McGinn,Jamie",FLA,19,4,3,7,-5,6,1,0,0,0,0,0,23,17.4%,0.4
"McQuaid,Adam",CBJ,50,3,4,7,2,42,1,0,0,0,0,1,28,10.7%,0.1
"Gunnarsson,Carl",STL,25,3,4,7,8,6,1,0,0,0,0,1,21,14.3%,0.3
"Pateryn,Greg",MIN,80,1,6,7,-11,41,0,0,0,0,0,0,100,1.0%,0.1
"Irwin,Matt",NSH,44,1,6,7,5,38,0,0,0,0,0,0,50,2.0%,0.2
"Miller,Kevan",BOS,39,0,7,7,8,35,0,0,0,0,0,0,32,0.0%,0.2
"Morrow,Joe",WPG,41,1,6,7,0,20,0,0,0,0,0,0,40,2.5%,0.2
"Varone,Philip",PHI,47,3,4,7,-2,8,0,0,0,0,0,0,34,8.8%,0.2
"Haula,Erik",VGK,15,2,5,7,1,10,0,0,0,1,0,0,26,7.7%,0.5
"Salomaki,Miikka",NSH,37,3,4,7,5,8,0,0,0,0,0,0,51,5.9%,0.2
"Wideman,Chris",FLA,25,2,5,7,-12,18,1,0,0,1,0,0,27,7.4%,0.3
"Dvorak,Christian",ARI,20,2,5,7,-2,2,1,0,0,0,0,0,25,8.0%,0.4
"Colle,Michael",NYI,28,3,4,7,3,2,2,0,0,0,0,0,34,8.8%,0.3
"Ryan,Joakim",SJ,44,0,7,7,-1,15,0,0,0,0,0,0,35,0.0%,0.2
"Hannikainen,Markus",CBJ,44,4,3,7,-5,2,1,0,0,0,0,0,52,7.7%,0.2
"Seeler,Nick",MIN,71,2,5,7,-4,64,1,0,0,0,0,0,67,3.0%,0.1
"Comtois,Maxime",ANA,10,2,5,7,3,7,1,0,0,0,0,0,9,22.2%,0.7
"Anderson,Joey",NJ,34,4,3,7,-7,6,1,0,0,0,1,0,49,8.2%,0.2
"Ozhiganov,Igor",TOR,53,3,4,7,0,14,0,0,0,0,0,0,43,7.0%,0.1
"Yakovlev,Egor",NJ,25,2,5,7,-6,6,0,0,0,0,0,0,24,8.3%,0.3
"Hirose,Taro",DET,10,1,6,7,0,2,1,0,0,1,0,0,15,6.7%,0.7
"Phaneuf,Dion",LA,67,1,5,6,-21,53,0,0,0,0,0,0,80,1.3%,0.1
"Sutter,Brandon",VAN,26,4,2,6,-12,6,0,0,0,0,1,0,43,9.3%,0.2
"Kulikov,Dmitry",WPG,57,0,6,6,4,47,0,0,0,0,0,0,40,0.0%,0.1
"Haley,Micheal",SJ,43,2,4,6,-2,75,0,0,0,0,0,0,34,5.9%,0.1
"Kampfer,Steven",BOS,35,3,3,6,-6,22,0,0,0,1,0,0,40,7.5%,0.2
"Sedlak,Lukas",CBJ,47,4,2,6,-5,10,0,0,0,0,0,0,43,9.3%,0.1
"Ritchie,Brett",DAL,53,4,2,6,-7,57,2,0,0,0,0,0,57,7.0%,0.1
"Frk,Martin",DET,30,1,5,6,-9,4,0,0,0,0,0,0,28,3.6%,0.2
"Claesson,Fredrik",NYR,37,2,4,6,3,9,0,0,0,0,0,1,44,4.5%,0.2
"Dea,Jean-Sebastien",PIT,23,4,2,6,0,8,1,0,0,0,0,0,29,13.8%,0.3
"Koekkoek,Slater",CHI,31,2,4,6,4,14,0,0,0,0,0,0,36,5.6%,0.2
"Folin,Christian",MTL,45,0,6,6,6,27,0,0,0,0,0,0,47,0.0%,0.1
"Fabbri,Robby",STL,32,2,4,6,-4,6,1,0,0,0,0,0,43,4.7%,0.2
"Lammikko,Juho",FLA,40,0,6,6,-7,6,0,0,0,0,0,1,39,0.0%,0.2
"Jones,Caleb",EDM,17,1,5,6,-9,6,0,0,0,1,0,0,21,4.8%,0.4
"Nelson,Casey",BUF,38,1,5,6,1,13,0,0,0,0,0,0,37,2.7%,0.2
"Dahlstrom,Carl",CHI,38,0,6,6,9,6,0,0,0,0,0,1,42,0.0%,0.2
"Fortin,Alexandre",CHI,24,3,3,6,-6,2,1,0,0,0,1,0,29,10.3%,0.3
"Cehlarik,Peter",BOS,20,4,2,6,3,6,1,0,0,0,0,0,30,13.3%,0.3
"Roy,Matt",LA,25,2,4,6,-1,8,1,0,0,0,0,0,34,5.9%,0.2
"Grundstrom,Carl",LA,15,5,1,6,-4,6,1,0,0,1,0,0,26,19.2%,0.4
"Andersson,Lias",NYR,42,2,4,6,-13,29,0,0,0,0,1,0,41,4.9%,0.1
"Dries,Sheldon",COL,40,3,3,6,-7,26,0,0,0,0,1,0,44,6.8%,0.2
"Pilut,Lawrence",BUF,33,1,5,6,-8,20,0,0,0,0,0,0,37,2.7%,0.2
"Hamhuis,Dan",NSH,57,0,5,5,-2,28,0,0,0,0,0,0,39,0.0%,0.1
"Ericsson,Jonathan",DET,52,3,2,5,-10,35,1,0,0,0,0,0,48,6.3%,0.1
"Borowiecki,Mark",OTT,53,1,4,5,-12,89,0,0,0,0,0,0,59,1.7%,0.1
"Stone,Michael",CGY,14,0,5,5,0,10,0,0,0,0,0,0,12,0.0%,0.4
"Street,Ben",ANA,21,3,2,5,-4,2,0,0,0,0,0,0,19,15.8%,0.2
"Chaput,Michael",MTL,32,0,5,5,-4,14,0,0,0,0,0,0,31,0.0%,0.2
"Marincin,Martin",TOR,24,1,4,5,-4,12,0,0,0,0,0,0,34,2.9%,0.2
"Deslauriers,Nicolas",MTL,48,2,3,5,-12,22,0,0,0,0,1,0,48,4.2%,0.1
"Zykov,Valentin",VGK,28,2,3,5,-5,2,0,0,0,2,0,0,29,6.9%,0.2
"Hudon,Charles",MTL,32,3,2,5,-9,16,0,0,0,1,0,0,50,6.0%,0.2
"Quine,Alan",CGY,13,3,2,5,0,6,0,0,0,0,0,0,11,27.3%,0.4
"Graves,Ryan",COL,26,3,2,5,4,2,0,0,0,0,0,0,26,11.5%,0.2
"Harpur,Ben",OTT,51,1,4,5,-13,56,0,0,0,0,0,0,50,2.0%,0.1
"Kukan,Dean",CBJ,25,0,5,5,6,6,0,0,0,0,0,0,16,0.0%,0.2
"Kamenev,Vladislav",COL,23,2,3,5,-2,10,0,0,0,0,1,0,22,9.1%,0.2
"Juulsen,Noah",MTL,21,1,4,5,5,6,0,0,0,0,0,0,22,4.5%,0.2
"MacEachern,Mackenzie",STL,29,3,2,5,0,10,1,0,0,0,0,0,33,9.1%,0.2
"LaDue,Paul",LA,33,2,3,5,0,12,1,0,0,0,0,0,33,6.1%,0.2
"Larsson,Jacob",ANA,49,0,5,5,-4,16,0,0,0,0,0,0,57,0.0%,0.1
"Jones,Max",ANA,30,2,3,5,-1,14,1,0,0,1,0,0,58,3.4%,0.2
"Mahura,Josh",ANA,17,1,4,5,0,4,0,0,0,3,0,0,20,5.0%,0.3
"Dube,Dillon",CGY,25,1,4,5,2,4,0,0,0,0,0,0,22,4.5%,0.2
"Currie,Josh",EDM,21,2,3,5,2,2,0,0,0,0,0,0,19,10.5%,0.2
"Hayden,John",NJ,54,3,2,5,-12,27,0,0,0,0,0,0,42,7.1%,0.1
"Bayreuther,Gavin",DAL,19,2,3,5,2,10,0,0,0,2,0,0,25,8.0%,0.3
"Kuhlman,Karson",BOS,11,3,2,5,5,2,1,0,0,0,0,0,15,20.0%,0.5
"Riikola,Juuso",PIT,37,2,3,5,3,10,1,0,0,0,0,0,43,4.7%,0.1
"Crawford,Corey",CHI,39,0,4,4,0,0,0,0,0,1,0,1,0,0.0%,0.1
"Sekera,Andrej",EDM,24,0,4,4,3,6,0,0,0,1,0,0,28,0.0%,0.2
"Halak,Jaroslav",BOS,40,0,4,4,0,0,0,0,0,2,0,0,0,0.0%,0.1
"Berglund,Patrik",BUF,23,2,2,4,-5,6,0,0,0,0,0,0,25,8.0%,0.2
"Manning,Brandon",EDM,39,2,2,4,-15,25,0,0,0,0,0,0,33,6.1%,0.1
"Hickey,Thomas",NYI,40,0,4,4,5,33,0,0,0,0,0,1,47,0.0%,0.1
"Johnston,Ross",NYI,17,1,3,4,3,23,0,0,0,0,0,0,12,8.3%,0.2
"Knight,Corban",PHI,23,1,3,4,-5,0,0,0,0,0,0,0,15,6.7%,0.2
"Gabriel,Kurtis",NJ,22,2,2,4,0,59,1,0,0,0,0,0,7,28.6%,0.2
"Brickley,Connor",NYR,14,1,3,4,3,9,0,0,0,0,0,0,18,5.6%,0.3
"Blais,Sammy",STL,32,2,2,4,-1,6,0,0,0,0,0,0,27,7.4%,0.1
"Honka,Julius",DAL,29,0,4,4,-2,10,0,0,0,0,0,0,38,0.0%,0.1
"Gaudreau,Frederick",NSH,55,3,1,4,1,2,1,0,0,0,0,0,43,7.0%,0.1
"Megna,Jaycob", ,28,1,3,4,-1,12,0,0,0,0,0,0,31,3.2%,0.1
"Martinsen,Andreas",CHI,24,1,3,4,-5,14,0,0,0,0,0,0,21,4.8%,0.2
"Siegenthaler,Jonas",WSH,26,0,4,4,6,10,0,0,0,0,0,0,12,0.0%,0.2
"Welinski,Andy",ANA,26,1,3,4,-5,8,0,0,0,0,0,0,32,3.1%,0.2
"Santini,Steve",NSH,39,1,3,4,-6,16,0,0,0,0,0,0,41,2.4%,0.1
"Gurianov,Denis",DAL,21,1,3,4,-3,0,0,0,0,1,0,0,23,4.3%,0.2
"Nylander,Alexander",BUF,12,2,2,4,-4,4,0,0,0,0,0,0,16,12.5%,0.3
"Fantenberg,Oscar",CGY,61,2,2,4,3,17,0,0,0,0,0,0,70,2.9%,0.1
"Niku,Sami",WPG,30,1,3,4,0,2,0,0,0,0,0,0,19,5.3%,0.1
"Hyka,Tomas",VGK,17,1,3,4,-2,2,0,0,0,2,0,0,22,4.5%,0.2
"Olofsson,Victor",BUF,6,2,2,4,1,2,0,0,0,0,0,0,21,9.5%,0.7
"Lyubushkin,Ilya",ARI,41,0,4,4,-9,13,0,0,0,0,0,0,27,0.0%,0.1
"Giuseppe,Phillip",NSH,24,1,3,4,-3,8,0,0,0,0,0,0,31,3.2%,0.2
"Holzer,Korbinian",ANA,22,1,3,4,5,8,0,0,0,0,0,0,15,6.7%,0.2
"VÃ©ronneau,Max",OTT,12,2,2,4,-5,0,0,0,0,0,0,0,15,13.3%,0.3
"Lundqvist,Henrik",NYR,52,0,3,3,0,0,0,0,0,2,0,0,0,0.0%,0.1
"Smith,Mike",CGY,42,0,3,3,0,2,0,0,0,0,0,0,0,0.0%,0.1
"Hendricks,Matt",WPG,26,0,3,3,-2,19,0,0,0,0,0,0,23,0.0%,0.1
"Markstrom,Jacob",VAN,60,0,3,3,0,2,0,0,0,1,0,0,0,0.0%,0.1
"Rinaldo,Zac",NSH,23,1,2,3,1,20,1,0,0,0,0,0,11,9.1%,0.1
"Ouellet,Xavier",MTL,19,0,3,3,-3,13,0,0,0,0,0,0,32,0.0%,0.2
"Bitetto,Anthony",MIN,36,0,3,3,-7,12,0,0,0,0,0,0,30,0.0%,0.1
"Gaunce,Brendan",VAN,3,1,2,3,3,0,1,0,0,0,0,0,2,50.0%,1.0
"Petan,Nic",TOR,18,1,2,3,-5,2,1,0,0,0,0,0,15,6.7%,0.2
"Vasilevskiy,Andrei",TB,53,0,3,3,0,6,0,0,0,2,0,1,0,0.0%,0.1
"Smith,Gemel",BOS,17,2,1,3,-4,0,0,0,0,0,0,0,14,14.3%,0.2
"Lehtera,Jori",PHI,27,1,2,3,-7,33,0,0,0,0,0,0,17,5.9%,0.1
"Wilson,Scott",BUF,15,0,3,3,-8,4,0,0,0,0,0,0,25,0.0%,0.2
"Hellebuyck,Connor",WPG,63,0,3,3,0,4,0,0,0,2,0,0,0,0.0%,0.1
"Gravel,Kevin",EDM,36,0,3,3,-2,4,0,0,0,0,0,0,44,0.0%,0.1
"Bishop,Clark",CAR,20,1,2,3,-3,6,0,0,0,0,0,0,16,6.3%,0.2
"Brodzinski,Jonny",LA,13,2,1,3,0,2,0,0,0,0,0,0,17,11.8%,0.2
"McLeod,Michael",NJ,21,0,3,3,-8,13,0,0,0,0,0,0,21,0.0%,0.1
"Kyrou,Jordan",STL,16,1,2,3,-1,4,0,0,0,0,0,0,16,6.3%,0.2
"Bastian,Nathan",NJ,7,3,0,3,0,10,0,0,0,0,0,0,13,23.1%,0.4
"Lettieri,Vinni",NYR,27,1,2,3,-7,14,0,0,0,1,0,0,40,2.5%,0.1
"Gambardella,Joe",EDM,15,0,3,3,2,2,0,0,0,0,0,0,7,0.0%,0.2
"Bjork,Anders",BOS,20,1,2,3,-1,2,0,0,0,0,0,0,18,5.6%,0.2
"Valimaki,Juuso",CGY,24,1,2,3,-2,12,1,0,0,0,0,0,28,3.6%,0.1
"Zadina,Filip",DET,9,1,2,3,-5,0,0,0,0,1,0,0,18,5.6%,0.3
"Hughes,Quinn",VAN,5,0,3,3,0,2,0,0,0,2,0,0,6,0.0%,0.6
"Poehling,Ryan",MTL,1,3,0,3,3,0,0,0,0,0,0,0,3,100.0%,3.0
"Anderson,Craig",OTT,50,0,2,2,0,0,0,0,0,0,0,0,0,0.0%,0.0
"Fleury,Marc-Andre",VGK,61,0,2,2,0,4,0,0,0,0,0,0,0,0.0%,0.0
"Hunwick,Matt",BUF,14,0,2,2,-7,4,0,0,0,0,0,0,10,0.0%,0.1
"Rask,Tuukka",BOS,46,0,2,2,0,4,0,0,0,1,0,0,0,0.0%,0.0
"Quick,Jonathan",LA,46,0,2,2,0,6,0,0,0,2,0,0,0,0.0%,0.0
"Hanzal,Martin",DAL,7,1,1,2,-4,4,0,0,0,0,0,0,14,7.1%,0.3
"Butler,Chris",STL,13,1,1,2,3,0,0,0,0,0,0,0,10,10.0%,0.2
"Schlemko,David",MTL,18,0,2,2,-1,4,0,0,0,2,0,0,29,0.0%,0.1
"Bishop,Ben",DAL,46,0,2,2,0,2,0,0,0,0,0,0,0,0.0%,0.0
"Schenn,Luke",VAN,26,0,2,2,-10,16,0,0,0,0,0,0,30,0.0%,0.1
"Dubnyk,Devan",MIN,67,0,2,2,0,2,0,0,0,0,0,0,0,0.0%,0.0
"Pyatt,Tom",SJ,37,0,2,2,-16,2,0,0,0,0,0,0,29,0.0%,0.1
"Koskinen,Mikko",EDM,55,0,2,2,0,2,0,0,0,0,0,0,0,0.0%,0.0
"Stalock,Alex",MIN,21,0,2,2,0,4,0,0,0,0,0,0,0,0.0%,0.1
"Holtby,Braden",WSH,59,0,2,2,0,2,0,0,0,1,0,0,0,0.0%,0.0
"Prout,Dalton",CGY,20,1,1,2,1,8,0,0,0,0,0,0,14,7.1%,0.1
"Nolan,Jordan",STL,14,0,2,2,2,14,0,0,0,0,0,0,17,0.0%,0.1
"Ruhwedel,Chad",PIT,18,1,1,2,-9,4,1,0,0,0,0,0,22,4.5%,0.1
"Petrovic,Alex",EDM,35,0,2,2,-15,26,0,0,0,0,0,0,47,0.0%,0.1
"Kuemper,Darcy",ARI,55,0,2,2,0,14,0,0,0,1,0,0,0,0.0%,0.0
"Agozzino,Andrew",COL,11,1,1,2,2,0,0,0,0,0,0,0,11,9.1%,0.2
"Brown,Joshua",FLA,37,1,1,2,-3,28,0,0,0,0,0,0,28,3.6%,0.1
"Witkowski,Luke",DET,34,0,2,2,-5,23,0,0,0,0,0,0,14,0.0%,0.1
"Archibald,Darren",OTT,12,1,1,2,-3,12,0,0,0,0,0,0,10,10.0%,0.2
"Lewington,Tyler",WSH,2,1,1,2,3,7,0,0,0,0,0,0,3,33.3%,1.0
"Ho-Sang,Josh",NYI,10,1,1,2,2,6,0,0,0,0,0,0,10,10.0%,0.2
"Paul,Nicholas",OTT,20,1,1,2,-10,4,0,0,0,0,0,0,30,3.3%,0.1
"Martel,Danick",TB,9,0,2,2,3,8,0,0,0,0,0,0,16,0.0%,0.2
"Schmaltz,Jordan",STL,20,0,2,2,-7,2,0,0,0,0,0,0,11,0.0%,0.1
"Myers,Philippe",PHI,21,1,1,2,-5,2,0,0,0,0,0,0,25,4.0%,0.1
"McCoshen,Ian",FLA,19,1,1,2,-2,8,0,0,0,0,0,0,15,6.7%,0.1
"Greer,A.J.",COL,15,1,1,2,-2,14,0,0,0,0,0,0,9,11.1%,0.1
"Smith,C.J.",BUF,11,2,0,2,0,0,1,0,0,0,0,0,18,11.1%,0.2
"Vorobyev,Mikhail",PHI,15,1,1,2,0,2,0,0,0,0,0,0,10,10.0%,0.1
"Necas,Martin",CAR,7,1,1,2,0,2,0,0,0,0,0,0,6,16.7%,0.3
"Georgiev,Alexandar",NYR,33,0,2,2,0,2,0,0,0,1,0,0,0,0.0%,0.1
"Yamamoto,Kailer",EDM,17,1,1,2,-6,2,0,0,0,1,0,0,13,7.7%,0.1
"Johnson,Adam",PIT,6,0,2,2,2,0,0,0,0,0,0,0,3,0.0%,0.3
"Tolvanen,Eeli",NSH,4,1,1,2,2,0,0,0,0,1,0,0,2,50.0%,0.5
"Lundestrom,Isac",ANA,15,0,2,2,-1,2,0,0,0,0,0,0,13,0.0%,0.1
"L'Esperance,Joel",DAL,18,2,0,2,-4,6,0,0,0,0,0,0,24,8.3%,0.1
"Luongo,Roberto",FLA,43,0,1,1,0,0,0,0,0,1,0,0,0,0.0%,0.0
"Plekanec,Tomas",MTL,3,1,0,1,0,0,0,0,0,0,0,0,8,12.5%,0.3
"Ward,Cam",CHI,33,0,1,1,0,4,0,0,0,0,0,0,0,0.0%,0.0
"Howard,Jimmy",DET,55,0,1,1,0,2,0,0,0,0,0,0,0,0.0%,0.0
"McLeod,Cody",NSH,38,1,0,1,-13,67,0,0,0,0,0,0,22,4.5%,0.0
"Price,Carey",MTL,66,0,1,1,0,2,0,0,0,0,0,0,0,0.0%,0.0
"Elliott,Brian",PHI,26,0,1,1,0,2,0,0,0,0,0,0,0,0.0%,0.0
"Greiss,Thomas",NYI,43,0,1,1,0,4,0,0,0,0,0,0,0,0.0%,0.0
"Beleskey,Matt",NYR,4,1,0,1,1,5,0,0,0,0,0,0,3,33.3%,0.3
"Niemi,Antti",MTL,17,0,1,1,0,0,0,0,0,0,0,0,0,0.0%,0.1
"Garrison,Jason",CHI,17,1,0,1,1,8,0,0,0,0,0,0,16,6.3%,0.1
"Sbisa,Luca",NYI,9,0,1,1,0,4,0,0,0,0,0,0,5,0.0%,0.1
"Alzner,Karl",MTL,9,0,1,1,1,2,0,0,0,0,0,0,8,0.0%,0.1
"Tangradi,Eric",NJ,6,0,1,1,-3,0,0,0,0,0,0,0,10,0.0%,0.2
"Bartkowski,Matt",MIN,2,1,0,1,2,0,0,0,0,0,0,0,2,50.0%,0.5
"Dalpe,Zac",CBJ,1,0,1,1,1,0,0,0,0,0,0,0,1,0.0%,1.0
"Condra,Erik",DAL,6,1,0,1,-2,2,0,0,0,0,0,0,10,10.0%,0.2
"Lehner,Robin",NYI,46,0,1,1,0,0,0,0,0,0,0,0,0,0.0%,0.0
"Elliott,Stefan",OTT,3,0,1,1,1,0,0,0,0,0,0,0,3,0.0%,0.3
"Donovan,Matt",NSH,2,0,1,1,0,2,0,0,0,0,0,0,1,0.0%,0.5
"Nilsson,Anders",OTT,36,0,1,1,0,0,0,0,0,0,0,0,0,-,0.0
"Read,Matt",MIN,12,1,0,1,-2,2,0,0,0,0,0,0,13,7.7%,0.1
"Murphy,Ryan",NJ,3,0,1,1,1,0,0,0,0,1,0,0,1,0.0%,0.3
"Hutton,Carter",BUF,50,0,1,1,0,2,0,0,0,0,0,0,0,0.0%,0.0
"Lashoff,Brian",DET,4,0,1,1,-1,2,0,0,0,0,0,0,2,0.0%,0.3
"Mrazek,Petr",CAR,40,0,1,1,0,6,0,0,0,0,0,1,1,0.0%,0.0
"Barberio,Mark",COL,12,1,0,1,-6,4,0,0,0,0,0,0,11,9.1%,0.1
"Schilling,Cameron",WPG,4,0,1,1,0,0,0,0,0,0,0,0,2,0.0%,0.3
"Andersen,Frederik",TOR,60,0,1,1,0,2,0,0,0,0,0,0,0,0.0%,0.0
"Trotman,Zach",PIT,13,0,1,1,4,4,0,0,0,1,0,0,16,0.0%,0.1
"Bailey,Justin",PHI,11,0,1,1,0,2,0,0,0,0,0,0,5,0.0%,0.1
"Raanta,Antti",ARI,12,0,1,1,0,0,0,0,0,0,0,0,0,0.0%,0.1
"Heatherington,Dillon",DAL,5,0,1,1,4,0,0,0,0,0,0,0,5,0.0%,0.2
"Campbell,Jack",LA,31,0,1,1,0,0,0,0,0,0,0,0,0,0.0%,0.0
"Dowling,Justin",DAL,11,0,1,1,-4,0,0,0,0,0,0,0,9,0.0%,0.1
"Davidson,Brandon",CHI,10,0,1,1,-4,15,0,0,0,0,0,0,7,0.0%,0.1
"Megan,Wade",DET,11,0,1,1,-4,2,0,0,0,0,0,0,16,0.0%,0.1
"Jones,Martin",SJ,62,0,1,1,0,2,0,0,0,0,0,0,0,0.0%,0.0
"MacDermid,Kurtis",LA,11,0,1,1,-1,11,0,0,0,0,0,0,5,0.0%,0.1
"Talbot,Cam",PHI,35,0,1,1,0,0,0,0,0,0,0,0,0,-,0.0
"Puempel,Matthew",DET,8,1,0,1,-2,2,0,0,0,0,0,0,10,10.0%,0.1
"Domingue,Louis",TB,26,0,1,1,0,4,0,0,0,1,0,0,0,0.0%,0.0
"Dotchin,Jake",ANA,20,0,1,1,-4,39,0,0,0,0,0,1,7,0.0%,0.1
"Carrick,Sam",ANA,6,0,1,1,-1,2,0,0,0,0,0,0,5,0.0%,0.2
"Walker,Nathan",WSH,3,0,1,1,1,2,0,0,0,0,0,0,2,0.0%,0.3
"Copley,Pheonix",WSH,27,0,1,1,0,0,0,0,0,0,0,0,0,0.0%,0.0
"Carr,Daniel",VGK,6,1,0,1,-1,0,0,0,0,0,0,0,11,9.1%,0.2
"Ullmark,Linus",BUF,37,0,1,1,0,0,0,0,0,1,0,0,0,0.0%,0.0
"McCormick,Max",OTT,14,1,0,1,-6,4,0,0,0,0,0,0,12,8.3%,0.1
"Chartier,Rourke",SJ,13,1,0,1,-5,2,0,0,0,0,0,0,19,5.3%,0.1
"Scherbak,Nikita",LA,8,1,0,1,-4,2,0,0,0,0,0,0,12,8.3%,0.1
"Elie,Remi",BUF,16,0,1,1,-3,2,0,0,0,0,0,0,9,0.0%,0.1
"Milano,Sonny",CBJ,8,1,0,1,0,0,0,0,0,0,0,0,5,20.0%,0.1
"Holl,Justin",TOR,11,0,1,1,-5,2,0,0,0,0,0,0,6,0.0%,0.1
"Middleton,Jacob",SJ,3,0,1,1,-1,2,0,0,0,0,0,0,0,0.0%,0.3
"Fleury,Haydn",CAR,20,0,1,1,4,2,0,0,0,0,0,0,17,0.0%,0.1
"Quenneville,John",CHI,19,1,0,1,-1,4,1,0,0,0,0,0,16,6.3%,0.1
"Sautner,Ashton",VAN,17,0,1,1,-2,2,0,0,0,0,0,0,21,0.0%,0.1
"Rau,Kyle",MIN,6,0,1,1,0,0,0,0,0,0,0,0,6,0.0%,0.2
"Pietila,Blake",NJ,19,0,1,1,-7,6,0,0,0,0,0,0,22,0.0%,0.1
"Guhle,Brendan",ANA,8,0,1,1,-2,4,0,0,0,0,0,0,15,0.0%,0.1
"Lauzon,Jeremy",BOS,16,1,0,1,-1,2,1,0,0,0,0,0,11,9.1%,0.1
"Senyshyn,Zach",BOS,2,1,0,1,0,0,0,0,0,0,0,0,4,25.0%,0.5
"Bunting,Michael",ARI,5,1,0,1,0,2,0,0,0,0,0,0,5,20.0%,0.2
"Montembeault,Samuel",FLA,11,0,1,1,0,0,0,0,0,1,0,0,0,0.0%,0.1
"Chlapik,Filip",OTT,5,1,0,1,-2,4,0,0,0,0,0,0,9,11.1%,0.2
"Kossila,Kalle",ANA,8,1,0,1,-1,4,1,0,0,0,0,0,11,9.1%,0.1
"Demko,Thatcher",VAN,9,0,1,1,0,0,0,0,0,1,0,0,0,0.0%,0.1
"Johnson,Luke",CHI,15,0,1,1,-8,8,0,0,0,1,0,0,19,0.0%,0.1
"Fabbro,Dante",NSH,4,1,0,1,-1,0,0,0,0,0,0,0,5,20.0%,0.3
"MacEwen,Zack",VAN,4,0,1,1,-4,5,0,0,0,0,0,0,2,0.0%,0.3
"Gleason,Ben",DAL,4,0,1,1,-1,0,0,0,0,0,0,0,2,0.0%,0.3
"Fritz,Tanner",NYI,8,0,1,1,-3,2,0,0,0,0,0,0,6,0.0%,0.1
"Hajek,Libor",NYR,5,1,0,1,1,6,0,0,0,0,0,0,10,10.0%,0.2
"Rosen,Calle",TOR,4,1,0,1,-3,0,0,0,0,0,0,0,5,20.0%,0.3
"Anderson-Dolan,Jaret",LA,5,0,1,1,-2,0,0,0,0,0,0,0,6,0.0%,0.2
"MacDonald,Jacob",FLA,2,1,0,1,1,0,0,0,0,0,0,0,1,100.0%,0.5
"Clifton,Connor",BOS,19,0,1,1,5,15,0,0,0,0,0,0,22,0.0%,0.1
"Toninato,Dominic",COL,2,1,0,1,0,0,0,0,0,0,0,0,1,100.0%,0.5
"Formenton,Alex",OTT,9,1,0,1,-2,6,0,0,0,0,0,0,16,6.3%,0.1
"Brickley,Daniel",LA,4,0,1,1,-2,0,0,0,0,0,0,0,2,0.0%,0.3
"Texier,Alexandre",CBJ,2,1,0,1,3,0,0,0,0,0,0,0,6,16.7%,0.5
"Bouchard,Evan",EDM,7,1,0,1,-5,2,0,0,0,0,0,0,10,10.0%,0.1
"Vesalainen,Kristian",WPG,5,0,1,1,0,0,0,0,0,0,0,0,1,0.0%,0.2
"Anderson,Joey",NJ,2,0,1,1,-1,2,0,0,0,0,0,0,5,0.0%,0.5
"Schuldt,Jimmy",VGK,1,0,1,1,-1,0,0,0,0,0,0,0,1,0.0%,1.0
"MacKenzie,Derek",FLA,1,0,0,0,0,0,0,0,0,0,0,0,0,0.0%,0.0
"Miller,Ryan",ANA,20,0,0,0,0,0,0,0,0,0,0,0,0,0.0%,0.0
"Seidenberg,Dennis",NYI,0,0,0,0,0,0,0,0,0,0,0,0,0,0.0%,0.0
"Thorburn,Chris",STL,1,0,0,0,0,0,0,0,0,0,0,0,0,0.0%,0.0
"Budaj,Peter",LA,3,0,0,0,0,0,0,0,0,0,0,0,0,0.0%,0.0
"Rinne,Pekka",NSH,56,0,0,0,0,4,0,0,0,0,0,0,0,0.0%,0.0
"Eaves,Patrick",ANA,7,0,0,0,-4,4,0,0,0,0,0,0,6,0.0%,0.0
"Stempniak,Lee",BOS,2,0,0,0,-1,0,0,0,0,0,0,0,0,0.0%,0.0
"Methot,Marc",DAL,9,0,0,0,-3,6,0,0,0,0,0,0,3,0.0%,0.0
"McElhinney,Curtis",CAR,33,0,0,0,0,0,0,0,0,0,0,0,0,0.0%,0.0
"Bernier,Jonathan",DET,35,0,0,0,0,0,0,0,0,0,0,0,1,0.0%,0.0
"McKenna,Mike",PHI,11,0,0,0,0,0,0,0,0,0,0,0,0,-,0.0
"Schneider,Cory",NJ,26,0,0,0,0,0,0,0,0,0,0,0,0,0.0%,0.0
"Neuvirth,Michal",PHI,7,0,0,0,0,0,0,0,0,0,0,0,0,0.0%,0.0
"Varlamov,Semyon",COL,49,0,0,0,0,2,0,0,0,0,0,0,0,0.0%,0.0
"Falk,Justin",OTT,10,0,0,0,-4,11,0,0,0,0,0,0,7,0.0%,0.0
"Khudobin,Anton",DAL,41,0,0,0,0,2,0,0,0,0,0,0,0,0.0%,0.0
"Prosser,Nate",MIN,15,0,0,0,1,2,0,0,0,0,0,0,10,0.0%,0.0
"Johnson,Chad",ANA,19,0,0,0,0,0,0,0,0,0,0,0,0,-,0.0
"Letestu,Mark",CBJ,2,0,0,0,-1,0,0,0,0,0,0,0,1,0.0%,0.0
"Tokarski,Dustin",NYR,0,0,0,0,0,0,0,0,0,0,0,0,0,0.0%,0.0
"Gaunce,Cameron",TB,2,0,0,0,3,7,0,0,0,0,0,0,2,0.0%,0.0
"Bachman,Richard",VAN,1,0,0,0,0,0,0,0,0,0,0,0,0,0.0%,0.0
"Gionta,Stephen",NYI,5,0,0,0,-4,0,0,0,0,0,0,0,4,0.0%,0.0
"Bobrovsky,Sergei",CBJ,62,0,0,0,0,2,0,0,0,0,0,0,0,0.0%,0.0
"Cracknell,Adam",ANA,2,0,0,0,-1,0,0,0,0,0,0,0,3,0.0%,0.0
"Reimer,James",FLA,36,0,0,0,0,0,0,0,0,0,0,0,0,0.0%,0.0
"Malone,Brad",EDM,16,0,0,0,0,4,0,0,0,0,0,0,13,0.0%,0.0
"Goloubef,Cody",OTT,5,0,0,0,0,2,0,0,0,0,0,0,3,0.0%,0.0
"Ness,Aaron",WSH,0,0,0,0,0,0,0,0,0,0,0,0,0,0.0%,0.0
"Ullstrom,David",ARI,0,0,0,0,0,0,0,0,0,0,0,0,0,0.0%,0.0
"Allen,Jake",STL,46,0,0,0,0,0,0,0,0,0,0,0,0,0.0%,0.0
"Kinkaid,Keith",CBJ,41,0,0,0,0,0,0,0,0,0,0,0,0,-,0.0
"Conacher,Cory",TB,1,0,0,0,0,2,0,0,0,0,0,0,1,0.0%,0.0
"Gryba,Eric",NJ,10,0,0,0,-1,10,0,0,0,0,0,0,11,0.0%,0.0
"Tennyson,Matt",BUF,4,0,0,0,-4,0,0,0,0,0,0,0,4,0.0%,0.0
"Sustr,Andrej",ANA,5,0,0,0,0,6,0,0,0,0,0,0,6,0.0%,0.0
"Grubauer,Philipp",COL,37,0,0,0,0,0,0,0,0,0,0,0,0,0.0%,0.0
"Peluso,Anthony", ,4,0,0,0,-1,7,0,0,0,0,0,0,1,0.0%,0.0
"Gibson,John",ANA,58,0,0,0,0,2,0,0,0,0,0,0,0,0.0%,0.0
"Subban,Malcolm",VGK,21,0,0,0,0,4,0,0,0,0,0,0,0,0.0%,0.0
"Baptiste,Nicholas",NSH,0,0,0,0,0,0,0,0,0,0,0,0,0,0.0%,0.0
"Carrick,Trevor", ,1,0,0,0,-1,5,0,0,0,0,0,0,0,0.0%,0.0
"Clendening,Adam",CBJ,4,0,0,0,1,0,0,0,0,0,0,0,3,0.0%,0.0
"Blandisi,Joseph",PIT,9,0,0,0,-1,6,0,0,0,0,0,0,8,0.0%,0.0
"Carey,Paul",BOS,7,0,0,0,0,0,0,0,0,0,0,0,4,0.0%,0.0
"Pickard,Calvin",ARI,17,0,0,0,0,2,0,0,0,0,0,0,0,-,0.0
"Rychel,Kerby",CGY,2,0,0,0,-1,0,0,0,0,0,0,0,1,0.0%,0.0
"Brossoit,Laurent",WPG,21,0,0,0,0,0,0,0,0,0,0,0,0,0.0%,0.0
"Berube,Jean-Francois",CBJ,0,0,0,0,0,0,0,0,0,0,0,0,0,0.0%,0.0
"Darling,Scott",CAR,8,0,0,0,0,0,0,0,0,0,0,0,0,0.0%,0.0
"Mazanec,Marek",TB,0,0,0,0,0,0,0,0,0,0,0,0,0,-,-
"Boucher,Reid",VAN,1,0,0,0,0,0,0,0,0,0,0,0,0,0.0%,0.0
"Wedgewood,Scott",BUF,0,0,0,0,0,0,0,0,0,0,0,0,0,0.0%,0.0
"McIlrath,Dylan",DET,7,0,0,0,2,4,0,0,0,0,0,0,6,0.0%,0.0
"Lazar,Curtis",CGY,1,0,0,0,-1,0,0,0,0,0,0,0,0,0.0%,0.0
"Robinson,Buddy",CGY,0,0,0,0,0,0,0,0,0,0,0,0,0,0.0%,0.0
"Schneider,Cole", ,0,0,0,0,0,0,0,0,0,0,0,0,0,0.0%,0.0
"Goulbourne,Tyrell",PHI,2,0,0,0,0,0,0,0,0,0,0,0,3,0.0%,0.0
"Morin,Samuel",PHI,5,0,0,0,-3,4,0,0,0,0,0,0,5,0.0%,0.0
"Stolarz,Anthony",EDM,18,0,0,0,0,0,0,0,0,0,0,0,0,-,0.0
"Dauphin,Laurent", ,1,0,0,0,-1,0,0,0,0,0,0,0,2,0.0%,0.0
"Gaudet,Tyler",NSH,0,0,0,0,0,0,0,0,0,0,0,0,0,0.0%,0.0
"Jarry,Tristan",PIT,2,0,0,0,0,0,0,0,0,0,0,0,0,0.0%,0.0
"Megna,Jayson",WSH,0,0,0,0,0,0,0,0,0,0,0,0,0,0.0%,0.0
"Murray,Matt",PIT,50,0,0,0,0,4,0,0,0,0,0,0,0,0.0%,0.0
"Grosenick,Troy",NSH,0,0,0,0,0,0,0,0,0,0,0,0,0,0.0%,0.0
"Sateri,Harri",DET,0,0,0,0,0,0,0,0,0,0,0,0,0,0.0%,0.0
"Binnington,Jordan",STL,32,0,0,0,0,0,0,0,0,0,0,0,0,0.0%,0.0
"Gibson,Christopher",NYI,2,0,0,0,0,0,0,0,0,0,0,0,0,0.0%,0.0
"Sparks,Garret",TOR,20,0,0,0,0,0,0,0,0,0,0,0,0,0.0%,0.0
"Lack,Eddie",NJ,0,0,0,0,0,0,0,0,0,0,0,0,0,0.0%,0.0
"Comrie,Eric",WPG,1,0,0,0,0,0,0,0,0,0,0,0,0,0.0%,0.0
"Hutchinson,Michael",TOR,9,0,0,0,0,0,0,0,0,0,0,0,0,-,0.0
"Pasquale,Edward",TB,3,0,0,0,0,0,0,0,0,0,0,0,0,0.0%,0.0
"Fasching,Hudson",ARI,0,0,0,0,0,0,0,0,0,0,0,0,0,0.0%,0.0
"Dano,Marko",WPG,8,0,0,0,-1,7,0,0,0,0,0,0,3,0.0%,0.0
"Forsberg,Anton",CHI,0,0,0,0,0,0,0,0,0,0,0,0,0,0.0%,0.0
"Korpisalo,Joonas",CBJ,27,0,0,0,0,0,0,0,0,0,0,0,0,0.0%,0.0
"Brown,Patrick",CAR,0,0,0,0,0,0,0,0,0,0,0,0,0,0.0%,0.0
"Condon,Mike",OTT,2,0,0,0,0,0,0,0,0,0,0,0,0,0.0%,0.0
"Rodewald,Jack",OTT,6,0,0,0,0,0,0,0,0,0,0,0,2,0.0%,0.0
"Dell,Aaron",SJ,25,0,0,0,0,0,0,0,0,0,0,0,0,0.0%,0.0
"Leo,Chase",ANA,1,0,0,0,1,0,0,0,0,0,0,0,4,0.0%,0.0
"Nogier,Nelson",WPG,1,0,0,0,0,0,0,0,0,0,0,0,1,0.0%,0.0
"Lagace,Maxime",VGK,1,0,0,0,0,0,0,0,0,0,0,0,0,0.0%,0.0
"Burgdoerfer,Erik",OTT,4,0,0,0,-1,2,0,0,0,0,0,0,2,0.0%,0.0
"Duke,Reid", ,0,0,0,0,0,0,0,0,0,0,0,0,0,0.0%,0.0
"Nedeljkovic,Alex",CAR,1,0,0,0,0,0,0,0,0,0,0,0,0,0.0%,0.0
"Hicketts,Joe",DET,11,0,0,0,-9,0,0,0,0,0,0,0,16,0.0%,0.0
"Turgeon,Dominic",DET,4,0,0,0,-3,0,0,0,0,0,0,0,2,0.0%,0.0
"Aube-Kubel,Nicolas",PHI,9,0,0,0,1,0,0,0,0,0,0,0,2,0.0%,0.0
"Valiev,Rinat",CGY,0,0,0,0,0,0,0,0,0,0,0,0,0,0.0%,0.0
"Soshnikov,Nikita",STL,5,0,0,0,-1,0,0,0,0,0,0,0,1,0.0%,0.0
"Kero,Tanner",VAN,0,0,0,0,0,0,0,0,0,0,0,0,0,0.0%,0.0
"Gillies,Jon",CGY,0,0,0,0,0,0,0,0,0,0,0,0,0,0.0%,0.0
"Barber,Riley", ,0,0,0,0,0,0,0,0,0,0,0,0,0,0.0%,0.0
"Blidh,Anton",BOS,1,0,0,0,0,0,0,0,0,0,0,0,0,0.0%,0.0
"Richard,Anthony",NSH,1,0,0,0,-1,0,0,0,0,0,0,0,0,0.0%,0.0
"Saros,Juuse",NSH,31,0,0,0,0,0,0,0,0,0,0,0,0,0.0%,0.0
"Mikkola,Niko",STL,0,0,0,0,0,0,0,0,0,0,0,0,0,0.0%,0.0
"Bow,Landon",DAL,2,0,0,0,0,0,0,0,0,0,0,0,0,0.0%,0.0
"Russo,Robbie", ,0,0,0,0,0,0,0,0,0,0,0,0,0,0.0%,0.0
"Chatfield,Jalen",VAN,0,0,0,0,0,0,0,0,0,0,0,0,0,0.0%,0.0
"Ingram,Connor",TB,0,0,0,0,0,0,0,0,0,0,0,0,0,0.0%,0.0
"McIntyre,Zane",BOS,0,0,0,0,0,0,0,0,0,0,0,0,0,0.0%,0.0
"Zboril,Jakub",BOS,2,0,0,0,0,0,0,0,0,0,0,0,1,0.0%,0.0
"Vladar,Daniel",BOS,0,0,0,0,0,0,0,0,0,0,0,0,0,0.0%,0.0
"Hill,Adin",ARI,13,0,0,0,0,0,0,0,0,0,0,0,0,0.0%,0.0
"Capobianco,Kyle",ARI,2,0,0,0,-2,0,0,0,0,0,0,0,1,0.0%,0.0
"Mermis,Dakota",ARI,1,0,0,0,1,0,0,0,0,0,0,0,0,0.0%,0.0
"Sherwood,Kole",CBJ,2,0,0,0,0,0,0,0,0,0,0,0,2,0.0%,0.0
"Roy,Nicolas",CAR,6,0,0,0,0,2,0,0,0,0,0,0,1,0.0%,0.0
"Hanley,Joel",DAL,16,0,0,0,0,2,0,0,0,0,0,0,9,0.0%,0.0
"White,Colton",NJ,3,0,0,0,-2,2,0,0,0,0,0,0,1,0.0%,0.0
"Blackwood,Mackenzie",NJ,23,0,0,0,0,0,0,0,0,0,0,0,0,0.0%,0.0
"Jacobs,Josh",NJ,1,0,0,0,-1,0,0,0,0,0,0,0,1,0.0%,0.0
"Lomberg,Ryan",CGY,4,0,0,0,0,17,0,0,0,0,0,0,1,0.0%,0.0
"McNiven,Michael",MTL,0,0,0,0,0,0,0,0,0,0,0,0,0,0.0%,0.0
"Chelios,Jake",DET,5,0,0,0,0,2,0,0,0,0,0,0,5,0.0%,0.0
"Brisebois,Guillaume",VAN,8,0,0,0,-4,0,0,0,0,0,0,0,5,0.0%,0.0
"Lappin,Nick",NJ,11,0,0,0,-6,0,0,0,0,0,0,0,11,0.0%,0.0
"McAdam,Eamon",TOR,0,0,0,0,0,0,0,0,0,0,0,0,0,0.0%,0.0
"Kaskisuo,Kasimir",TOR,0,0,0,0,0,0,0,0,0,0,0,0,0,0.0%,0.0
"Fogarty,Steven",NYR,10,0,0,0,-1,0,0,0,0,0,0,0,9,0.0%,0.0
"Lindgren,Charlie",MTL,1,0,0,0,0,0,0,0,0,0,0,0,0,0.0%,0.0
"Boyle,Kevin",ANA,5,0,0,0,0,0,0,0,0,0,0,0,0,0.0%,0.0
"O'Regan,Danny",BUF,1,0,0,0,0,0,0,0,0,0,0,0,2,0.0%,0.0
"Englund,Andreas",OTT,3,0,0,0,-2,10,0,0,0,0,0,0,2,0.0%,0.0
"Lyon,Alex",PHI,2,0,0,0,0,0,0,0,0,0,0,0,0,0.0%,0.0
"Roy,Kevin",ANA,3,0,0,0,-1,0,0,0,0,0,0,0,2,0.0%,0.0
"Carlsson,Gabriel",CBJ,1,0,0,0,-1,2,0,0,0,0,0,0,1,0.0%,0.0
"Russell,Patrick", ,6,0,0,0,0,2,0,0,0,0,0,0,6,0.0%,0.0
"Lindholm,Anton",COL,2,0,0,0,-1,0,0,0,0,0,0,0,0,0.0%,0.0
"Rittich,David",CGY,45,0,0,0,0,4,0,0,0,0,0,0,0,0.0%,0.0
"Bean,Jake",CAR,2,0,0,0,0,2,0,0,0,0,0,0,1,0.0%,0.0
"Brown,Logan",OTT,2,0,0,0,-2,0,0,0,0,0,0,0,2,0.0%,0.0
"Frederic,Trent",BOS,15,0,0,0,-4,15,0,0,0,0,0,0,19,0.0%,0.0
"Hart,Carter",PHI,31,0,0,0,0,0,0,0,0,0,0,0,0,0.0%,0.0
"Fitzpatrick,Evan",STL,0,0,0,0,0,0,0,0,0,0,0,0,0,0.0%,0.0
"Anderson,Josh", ,0,0,0,0,0,0,0,0,0,0,0,0,0,0.0%,0.0
"Blackwell,Colin",NSH,6,0,0,0,-1,2,0,0,0,0,0,0,5,0.0%,0.0
"Greco,Anthony",FLA,1,0,0,0,-3,0,0,0,0,0,0,0,2,0.0%,0.0
"Stillman,Riley",FLA,1,0,0,0,0,2,0,0,0,0,0,0,1,0.0%,0.0
"Abramov,Vitaly",OTT,1,0,0,0,-3,0,0,0,0,0,0,0,0,0.0%,0.0
"Renouf,Dan",CAR,0,0,0,0,0,0,0,0,0,0,0,0,0,0.0%,0.0
"Gettinger,Tim",NYR,4,0,0,0,0,0,0,0,0,0,0,0,2,0.0%,0.0
"Gilmour,John",NYR,5,0,0,0,-3,4,0,0,0,0,0,0,9,0.0%,0.0
"DeSmith,Casey",PIT,36,0,0,0,0,2,0,0,0,0,0,0,0,0.0%,0.0
"Gignac,Brandon",NJ,1,0,0,0,-2,0,0,0,0,0,0,0,1,0.0%,0.0
"Kuokkanen,Janne",CAR,7,0,0,0,-2,4,0,0,0,0,0,0,6,0.0%,0.0
"Friedman,Mark",PHI,1,0,0,0,-1,0,0,0,0,0,0,0,1,0.0%,0.0
",Jeff",PIT,0,0,0,0,0,0,0,0,0,0,0,0,0,0.0%,0.0
"Bischoff,Jake",VGK,0,0,0,0,0,0,0,0,0,0,0,0,0,0.0%,0.0
"Kloos,Justin",ANA,1,0,0,0,0,0,0,0,0,0,0,0,2,0.0%,0.0
"Poolman,Tucker",WPG,0,0,0,0,0,0,0,0,0,0,0,0,0,0.0%,0.0
"DeSimone,Nick",SJ,0,0,0,0,0,0,0,0,0,0,0,0,0,0.0%,0.0
"Hogberg,Marcus",OTT,4,0,0,0,0,0,0,0,0,0,0,0,0,0.0%,0.0
"Miska,Hunter",ARI,1,0,0,0,0,0,0,0,0,0,0,0,0,0.0%,0.0
"Jerabek,Jakub",STL,1,0,0,0,-3,2,0,0,0,0,0,0,1,0.0%,0.0
"Stenlund,Kevin",CBJ,4,0,0,0,0,4,0,0,0,0,0,0,3,0.0%,0.0
"Sulak,Libor",DET,6,0,0,0,-4,6,0,0,0,0,0,0,7,0.0%,0.0
"Mamin,Maxim",FLA,7,0,0,0,-2,5,0,0,0,0,0,0,8,0.0%,0.0
"Delia,Collin",CHI,16,0,0,0,0,0,0,0,0,0,0,0,0,0.0%,0.0
"Petersen,Cal",LA,11,0,0,0,0,0,0,0,0,0,0,0,0,0.0%,0.0
"Fulcher,Kaden",DET,1,0,0,0,0,0,0,0,0,0,0,0,0,0.0%,0.0
"DiPietro,Michael",VAN,1,0,0,0,0,0,0,0,0,0,0,0,0,0.0%,0.0
"Redmond,Angus",ANA,0,0,0,0,0,0,0,0,0,0,0,0,0,0.0%,0.0
"Gustavsson,Filip",OTT,0,0,0,0,0,0,0,0,0,0,0,0,0,0.0%,0.0
"Lindgren,Ryan",NYR,5,0,0,0,-6,8,0,0,0,0,0,0,8,0.0%,0.0
"Marody,Cooper",EDM,6,0,0,0,-1,0,0,0,0,0,0,0,6,0.0%,0.0
"Borgen,Will",BUF,4,0,0,0,-5,0,0,0,0,0,0,0,2,0.0%,0.0
"Johnson,Cam",NJ,0,0,0,0,0,0,0,0,0,0,0,0,0,0.0%,0.0
"Robinson,Eric",CBJ,13,0,0,0,-4,0,0,0,0,0,0,0,18,0.0%,0.0
"Gambrell,Dylan",SJ,8,0,0,0,1,2,0,0,0,0,0,0,6,0.0%,0.0
"Rempal,Sheldon",LA,7,0,0,0,-1,0,0,0,0,0,0,0,3,0.0%,0.0
"Belpedio,Louie",MIN,2,0,0,0,0,0,0,0,0,0,0,0,0,0.0%,0.0
"Gilbert,Dennis",CHI,1,0,0,0,0,2,0,0,0,0,0,0,0,0.0%,0.0
"Svoboda,Miroslav",NSH,0,0,0,0,0,0,0,0,0,0,0,0,0,0.0%,0.0
"Francouz,Pavel",COL,2,0,0,0,0,0,0,0,0,0,0,0,0,0.0%,0.0
"Samsonov,Ilya",WSH,0,0,0,0,0,0,0,0,0,0,0,0,0,0.0%,0.0
"Brannstrom,Erik",OTT,2,0,0,0,0,0,0,0,0,0,0,0,0,0.0%,0.0
"Kahkonen,Kaapo",MIN,0,0,0,0,0,0,0,0,0,0,0,0,0,0.0%,0.0
"Lankinen,Kevin",CHI,0,0,0,0,0,0,0,0,0,0,0,0,0,0.0%,0.0
"Nilsson,Jacob",CHI,2,0,0,0,-2,0,0,0,0,0,0,0,0,0.0%,0.0
"Hayton,Barrett",ARI,0,0,0,0,0,0,0,0,0,0,0,0,0,0.0%,0.0
"O'Connor,Logan",COL,5,0,0,0,-2,0,0,0,0,0,0,0,1,0.0%,0.0
"Vaakanainen,Urho",BOS,2,0,0,0,-1,0,0,0,0,0,0,0,2,0.0%,0.0
"McHale,Gavin",WSH,0,0,0,0,0,0,0,0,0,0,0,0,0,0.0%,0.0
"Alt,Mark",COL,2,0,0,0,0,0,0,0,0,0,0,0,2,0.0%,0.0
"Teves,Josh",VAN,1,0,0,0,-1,2,0,0,0,0,0,0,0,0.0%,0.0
"Kuffner,Ryan",DET,10,0,0,0,-4,0,0,0,0,0,0,0,8,0.0%,0.0
"Robson,Matt",MIN,0,0,0,0,0,0,0,0,0,0,0,0,0,0.0%,0.0
"Keeper,Brady",FLA,1,0,0,0,1,0,0,0,0,0,0,0,1,0.0%,0.0
"Robson,Mat",MIN,0,0,0,0,0,0,0,0,0,0,0,0,0,0.0%,0.0
"Merzlikins,Elvis",CBJ,0,0,0,0,0,0,0,0,0,0,0,0,0,0.0%,0.0
"Pitlick,Rem",NSH,1,0,0,0,0,2,0,0,0,0,0,0,0,0.0%,0.0
"Kielly,Jake",VAN,0,0,0,0,0,0,0,0,0,0,0,0,0,0.0%,0.0
"Sturm,Nico",MIN,2,0,0,0,0,0,0,0,0,0,0,0,7,0.0%,0.0
"Daccord,Joey",OTT,1,0,0,0,0,0,0,0,0,0,0,0,0,0.0%,0.0
"Peeke,Andrew",CBJ,0,0,0,0,0,0,0,0,0,0,0,0,0,0.0%,0.0
"Rafferty,Brogan",VAN,2,0,0,0,-1,0,0,0,0,0,0,0,3,0.0%,0.0
"Lizotte,Blake",LA,1,0,0,0,-1,0,0,0,0,0,0,0,1,0.0%,0.0
"Woll,Joseph",TOR,0,0,0,0,0,0,0,0,0,0,0,0,0,0.0%,0.0
